mean_fit_time,std_fit_time,mean_score_time,std_score_time,param_DT__class_weight,param_DT__criterion,param_DT__max_depth,params,split0_test_score,split1_test_score,split2_test_score,split3_test_score,split4_test_score,mean_test_score,std_test_score,rank_test_score,split0_train_score,split1_train_score,split2_train_score,split3_train_score,split4_train_score,mean_train_score,std_train_score
0.02842550277709961,0.01107951931422749,0.0024006843566894533,0.0013539877246583356,balanced,gini,1,"{'DT__class_weight': 'balanced', 'DT__criterion': 'gini', 'DT__max_depth': 1}",0.1893491124260355,0.1911242603550296,0.19289940828402372,0.19171597633136095,0.1910714285714286,0.19123216505213989,0.001149111765151144,200,0.19155555555555553,0.19111111111111106,0.19066666666666668,0.1922962962962963,0.1911242603550296,0.19135077799693184,0.0005500359030823504
0.029142332077026368,0.013027635180696336,0.0019878864288330076,0.001266061961047499,balanced,gini,2,"{'DT__class_weight': 'balanced', 'DT__criterion': 'gini', 'DT__max_depth': 2}",0.35078733792479067,0.34768972095579914,0.35898405923626614,0.3490121899957966,0.34652915390620315,0.3506037335466669,0.004424976698770349,195,0.3503205280587263,0.35159655452811023,0.3487693613642348,0.354502023743373,0.35184547482782036,0.35140678850445295,0.0018944614904613955
0.034476184844970705,0.014154963896114443,0.0017851829528808595,0.0007434858916158501,balanced,gini,3,"{'DT__class_weight': 'balanced', 'DT__criterion': 'gini', 'DT__max_depth': 3}",0.5525042842823423,0.5618327028163094,0.5608820771494164,0.5573285478707926,0.5598657437560338,0.5584815701277746,0.0033467236147768646,192,0.5656052657584495,0.5617654378080783,0.5659024881380669,0.5653508839021474,0.564793707763443,0.5646835566740369,0.0015038762022207407
0.029421043395996094,0.0015404881510721444,0.0010984420776367187,0.0004925645077906464,balanced,gini,4,"{'DT__class_weight': 'balanced', 'DT__criterion': 'gini', 'DT__max_depth': 4}",0.7185469007663208,0.718951078345782,0.718230025544023,0.7193649561871504,0.7112776515204006,0.7172788961900862,0.0030188827723891536,188,0.7216621996854917,0.7167126182134334,0.7244983058650097,0.7290515676234146,0.7224949073624988,0.7228839197499697,0.004009364439101375
0.049396514892578125,0.01632828456094579,0.001394367218017578,0.0004903921074095607,balanced,gini,5,"{'DT__class_weight': 'balanced', 'DT__criterion': 'gini', 'DT__max_depth': 5}",0.8132602580269667,0.8023733307465968,0.7989200375076795,0.8013289358812687,0.8007727297922759,0.803333095045136,0.00509104952976596,184,0.8139648596229279,0.8070035364106779,0.8164951463721948,0.8190378777657205,0.8155713454263265,0.8144145531195693,0.0040538268440559
0.058446311950683595,0.015852298431473864,0.001488065719604492,0.000453353303687968,balanced,gini,6,"{'DT__class_weight': 'balanced', 'DT__criterion': 'gini', 'DT__max_depth': 6}",0.8652892294758624,0.8524460827108997,0.8456235651695929,0.856361755100721,0.8476175463880382,0.8534722929537911,0.006999731582607633,180,0.8712309308624828,0.8640050971566231,0.8691142216381718,0.8732859289196047,0.8754033692243023,0.8706079095602369,0.003908570374643862
0.07703928947448731,0.01777281272048044,0.0010940074920654298,0.00025675113358339667,balanced,gini,7,"{'DT__class_weight': 'balanced', 'DT__criterion': 'gini', 'DT__max_depth': 7}",0.9001164031428848,0.9021146570957415,0.8817247065670772,0.903572929802438,0.8814938056898965,0.8938143008534877,0.010015901374286292,176,0.9132605321673675,0.9093558428852063,0.9126997794594809,0.9156258089344863,0.9131454715943996,0.9128174870081882,0.002009346662215798
0.07673349380493164,0.0027014796411506557,0.0013645648956298827,0.0005178176800586295,balanced,gini,8,"{'DT__class_weight': 'balanced', 'DT__criterion': 'gini', 'DT__max_depth': 8}",0.9262004074110001,0.9208717302033821,0.9109515956930839,0.9239240792834739,0.9124487849267168,0.9188844387736367,0.006118864640138827,172,0.9353690640959561,0.9375173573573095,0.9417619531743976,0.9439848073266373,0.9392787855272091,0.9395823934963019,0.0030410664120985036
0.09146451950073242,0.0017507384097647462,0.0010026454925537109,1.6780061523185213e-05,balanced,gini,9,"{'DT__class_weight': 'balanced', 'DT__criterion': 'gini', 'DT__max_depth': 9}",0.9413619167717528,0.9275196430303617,0.9168234875674977,0.9399941798428557,0.9252567682422663,0.9301951273311312,0.009287745326896434,168,0.9515613051170865,0.9505348556085027,0.9502501532409895,0.9597654184439239,0.9579994826526982,0.9540222430126402,0.004031110186205553
0.10691995620727539,0.003234809184662343,0.001196908950805664,0.00039920815428192054,balanced,gini,10,"{'DT__class_weight': 'balanced', 'DT__criterion': 'gini', 'DT__max_depth': 10}",0.9440941572089112,0.9357131309212016,0.9207391599573189,0.947094771558832,0.9296343578657577,0.9354597493365288,0.009600557271625234,165,0.9599927208570173,0.9574291624649769,0.9560605611674006,0.9677755323762693,0.963099395350341,0.960871474443201,0.0042046701102360935
0.12905435562133788,0.014321876085137346,0.0011968612670898438,0.0003989936167850989,balanced,gini,11,"{'DT__class_weight': 'balanced', 'DT__criterion': 'gini', 'DT__max_depth': 11}",0.946050376693504,0.9350761470559705,0.9282051282051282,0.9467778963365344,0.9285927345038316,0.9369471020786555,0.008114387753587887,162,0.9589683517073848,0.9578855641470967,0.9638317413467158,0.9702374743690964,0.9626329744236428,0.9627112211987873,0.004363535556255364
0.12468233108520507,0.0030126681868003482,0.0011917591094970704,0.0004018549104358739,balanced,gini,12,"{'DT__class_weight': 'balanced', 'DT__criterion': 'gini', 'DT__max_depth': 12}",0.9493290652180942,0.9372166715167974,0.9298444724674233,0.9475506838684644,0.9313254945978778,0.9390594295274254,0.008071095984495917,85,0.9639565356707657,0.9633784572885702,0.9653702032685286,0.9712731964817416,0.9644881495133701,0.9656933084445953,0.0028658984997332985
0.12666544914245606,0.003279926008268595,0.0011943817138671876,0.0003968967369950138,balanced,gini,13,"{'DT__class_weight': 'balanced', 'DT__criterion': 'gini', 'DT__max_depth': 13}",0.9476897209557991,0.9377178517153295,0.9316648882853171,0.9485983121544282,0.9337154543648869,0.9398821508218794,0.007031511299796365,79,0.9669428051139434,0.9633431013746961,0.963375947659732,0.9700888879128176,0.9675954667442687,0.9662692417610914,0.002597525951306728
0.13824081420898438,0.013844891335767499,0.0015666484832763672,0.000490507066931955,balanced,gini,14,"{'DT__class_weight': 'balanced', 'DT__criterion': 'gini', 'DT__max_depth': 14}",0.9476897209557991,0.9354867914767031,0.9339864843017428,0.9498722798848901,0.934255897528281,0.9402630132169628,0.007011969391623362,77,0.9659286534457361,0.9633659867435257,0.9641507361280909,0.9720139372224823,0.9661840786367898,0.966328678435325,0.0030339436819189084
0.13760170936584473,0.013614111847862018,0.0013027191162109375,0.0004045716712599938,balanced,gini,15,"{'DT__class_weight': 'balanced', 'DT__criterion': 'gini', 'DT__max_depth': 15}",0.9465968247809358,0.9354867914767031,0.9345329323891746,0.9492805639085589,0.9435049817773651,0.9418791255718386,0.005909962375452452,37,0.9678095561690061,0.963240910847958,0.9642425763716728,0.9704529636993415,0.9711918388463154,0.9673875691868588,0.0031979036683199295
0.1354384422302246,0.006001092046494425,0.0013974666595458984,0.0004909805059223286,balanced,gini,16,"{'DT__class_weight': 'balanced', 'DT__criterion': 'gini', 'DT__max_depth': 16}",0.947052737090568,0.9354415235878034,0.9327577844601804,0.9492805639085589,0.9429062215632202,0.9414866369069986,0.006428601766919351,72,0.9672966425018235,0.9635940007008348,0.9632282378197145,0.9704529636993415,0.9700197238658776,0.9669183137175184,0.0030634407203609304
0.14151101112365722,0.011293669033120514,0.0015899658203125,0.0004205013940862441,balanced,gini,17,"{'DT__class_weight': 'balanced', 'DT__criterion': 'gini', 'DT__max_depth': 17}",0.9465515568920361,0.9354415235878034,0.932166068483849,0.9492805639085589,0.9429062215632202,0.9412678836637645,0.006507713470880108,74,0.9687781239833051,0.9635940007008348,0.9632055393346357,0.9704529636993415,0.9700197238658776,0.9672100703167988,0.003161693556056212
0.13296127319335938,0.004676824064275187,0.0010801315307617187,9.31565308409844e-05,balanced,gini,18,"{'DT__class_weight': 'balanced', 'DT__criterion': 'gini', 'DT__max_depth': 18}",0.9465515568920361,0.9354415235878034,0.9340317521906424,0.9492805639085589,0.9429062215632202,0.9416413174547296,0.006009138080258266,39,0.9687781239833051,0.9635940007008348,0.9643566767922027,0.9704529636993415,0.9700197238658776,0.9674402978083123,0.002892130475683852
0.13125085830688477,0.0057681579399920975,0.001396036148071289,0.00048824685038897334,balanced,gini,19,"{'DT__class_weight': 'balanced', 'DT__criterion': 'gini', 'DT__max_depth': 19}",0.9465515568920361,0.9354415235878034,0.9340317521906424,0.9492805639085589,0.9429062215632202,0.9416413174547296,0.006009138080258266,39,0.9687781239833051,0.9635940007008348,0.9643566767922027,0.9704529636993415,0.9700197238658776,0.9674402978083123,0.002892130475683852
0.13444151878356933,0.004809550371755009,0.0012477874755859376,0.0003906443302859046,balanced,gini,20,"{'DT__class_weight': 'balanced', 'DT__criterion': 'gini', 'DT__max_depth': 20}",0.9465515568920361,0.9354415235878034,0.9340317521906424,0.9492805639085589,0.9429062215632202,0.9416413174547296,0.006009138080258266,39,0.9687781239833051,0.9635940007008348,0.9643566767922027,0.9704529636993415,0.9700197238658776,0.9674402978083123,0.002892130475683852
0.13144893646240235,0.0021052759356841363,0.0013279438018798829,0.0005532246009138777,balanced,gini,21,"{'DT__class_weight': 'balanced', 'DT__criterion': 'gini', 'DT__max_depth': 21}",0.9465515568920361,0.9354415235878034,0.9340317521906424,0.9492805639085589,0.9429062215632202,0.9416413174547296,0.006009138080258266,39,0.9687781239833051,0.9635940007008348,0.9643566767922027,0.9704529636993415,0.9700197238658776,0.9674402978083123,0.002892130475683852
0.13666481971740724,0.013921487573638128,0.0011899471282958984,0.00038635867203045104,balanced,gini,22,"{'DT__class_weight': 'balanced', 'DT__criterion': 'gini', 'DT__max_depth': 22}",0.9465515568920361,0.9354415235878034,0.9340317521906424,0.9492805639085589,0.9429062215632202,0.9416413174547296,0.006009138080258266,39,0.9687781239833051,0.9635940007008348,0.9643566767922027,0.9704529636993415,0.9700197238658776,0.9674402978083123,0.002892130475683852
0.13650341033935548,0.003541506533637258,0.001202535629272461,0.00026207915022531246,balanced,gini,23,"{'DT__class_weight': 'balanced', 'DT__criterion': 'gini', 'DT__max_depth': 23}",0.9465515568920361,0.9354415235878034,0.9340317521906424,0.9492805639085589,0.9429062215632202,0.9416413174547296,0.006009138080258266,39,0.9687781239833051,0.9635940007008348,0.9643566767922027,0.9704529636993415,0.9700197238658776,0.9674402978083123,0.002892130475683852
0.1496739864349365,0.02433385607318469,0.0011342525482177734,0.0004287323104002767,balanced,gini,24,"{'DT__class_weight': 'balanced', 'DT__criterion': 'gini', 'DT__max_depth': 24}",0.9465515568920361,0.9354415235878034,0.9340317521906424,0.9492805639085589,0.9429062215632202,0.9416413174547296,0.006009138080258266,39,0.9687781239833051,0.9635940007008348,0.9643566767922027,0.9704529636993415,0.9700197238658776,0.9674402978083123,0.002892130475683852
0.17333149909973145,0.04413462547981914,0.0014662742614746094,0.0007716162480832018,balanced,gini,25,"{'DT__class_weight': 'balanced', 'DT__criterion': 'gini', 'DT__max_depth': 25}",0.9465515568920361,0.9354415235878034,0.9340317521906424,0.9492805639085589,0.9429062215632202,0.9416413174547296,0.006009138080258266,39,0.9687781239833051,0.9635940007008348,0.9643566767922027,0.9704529636993415,0.9700197238658776,0.9674402978083123,0.002892130475683852
0.17154321670532227,0.04292376215009947,0.001428985595703125,0.0004390260354129545,balanced,gini,26,"{'DT__class_weight': 'balanced', 'DT__criterion': 'gini', 'DT__max_depth': 26}",0.9465515568920361,0.9354415235878034,0.9340317521906424,0.9492805639085589,0.9429062215632202,0.9416413174547296,0.006009138080258266,39,0.9687781239833051,0.9635940007008348,0.9643566767922027,0.9704529636993415,0.9700197238658776,0.9674402978083123,0.002892130475683852
0.1444854736328125,0.011656172557364335,0.0012068748474121094,0.00039277467763921696,balanced,gini,27,"{'DT__class_weight': 'balanced', 'DT__criterion': 'gini', 'DT__max_depth': 27}",0.9465515568920361,0.9354415235878034,0.9340317521906424,0.9492805639085589,0.9429062215632202,0.9416413174547296,0.006009138080258266,39,0.9687781239833051,0.9635940007008348,0.9643566767922027,0.9704529636993415,0.9700197238658776,0.9674402978083123,0.002892130475683852
0.16151766777038573,0.04355922280872498,0.0013709068298339844,0.0004697348475809857,balanced,gini,28,"{'DT__class_weight': 'balanced', 'DT__criterion': 'gini', 'DT__max_depth': 28}",0.9465515568920361,0.9354415235878034,0.9340317521906424,0.9492805639085589,0.9429062215632202,0.9416413174547296,0.006009138080258266,39,0.9687781239833051,0.9635940007008348,0.9643566767922027,0.9704529636993415,0.9700197238658776,0.9674402978083123,0.002892130475683852
0.1576021671295166,0.019172898091622394,0.001156759262084961,0.00021973437512270492,balanced,gini,29,"{'DT__class_weight': 'balanced', 'DT__criterion': 'gini', 'DT__max_depth': 29}",0.9465515568920361,0.9354415235878034,0.9340317521906424,0.9492805639085589,0.9429062215632202,0.9416413174547296,0.006009138080258266,39,0.9687781239833051,0.9635940007008348,0.9643566767922027,0.9704529636993415,0.9700197238658776,0.9674402978083123,0.002892130475683852
0.14534740447998046,0.009462699174830015,0.0014834880828857421,0.00047297288554109715,balanced,gini,30,"{'DT__class_weight': 'balanced', 'DT__criterion': 'gini', 'DT__max_depth': 30}",0.9465515568920361,0.9354415235878034,0.9340317521906424,0.9492805639085589,0.9429062215632202,0.9416413174547296,0.006009138080258266,39,0.9687781239833051,0.9635940007008348,0.9643566767922027,0.9704529636993415,0.9700197238658776,0.9674402978083123,0.002892130475683852
0.1495187759399414,0.011846758761684225,0.001786041259765625,0.0007451901265397343,balanced,gini,31,"{'DT__class_weight': 'balanced', 'DT__criterion': 'gini', 'DT__max_depth': 31}",0.9465515568920361,0.9354415235878034,0.9340317521906424,0.9492805639085589,0.9429062215632202,0.9416413174547296,0.006009138080258266,39,0.9687781239833051,0.9635940007008348,0.9643566767922027,0.9704529636993415,0.9700197238658776,0.9674402978083123,0.002892130475683852
0.15259099006652832,0.011174643226332505,0.0016153812408447265,0.0004036169415715115,balanced,gini,32,"{'DT__class_weight': 'balanced', 'DT__criterion': 'gini', 'DT__max_depth': 32}",0.9465515568920361,0.9354415235878034,0.9340317521906424,0.9492805639085589,0.9429062215632202,0.9416413174547296,0.006009138080258266,39,0.9687781239833051,0.9635940007008348,0.9643566767922027,0.9704529636993415,0.9700197238658776,0.9674402978083123,0.002892130475683852
0.1791533946990967,0.011424273438563263,0.001588726043701172,0.0005071572989802437,balanced,gini,33,"{'DT__class_weight': 'balanced', 'DT__criterion': 'gini', 'DT__max_depth': 33}",0.9465515568920361,0.9354415235878034,0.9340317521906424,0.9492805639085589,0.9429062215632202,0.9416413174547296,0.006009138080258266,39,0.9687781239833051,0.9635940007008348,0.9643566767922027,0.9704529636993415,0.9700197238658776,0.9674402978083123,0.002892130475683852
0.15900807380676268,0.008280724179755231,0.0017934799194335937,0.0007496403143256246,balanced,gini,34,"{'DT__class_weight': 'balanced', 'DT__criterion': 'gini', 'DT__max_depth': 34}",0.9465515568920361,0.9354415235878034,0.9340317521906424,0.9492805639085589,0.9429062215632202,0.9416413174547296,0.006009138080258266,39,0.9687781239833051,0.9635940007008348,0.9643566767922027,0.9704529636993415,0.9700197238658776,0.9674402978083123,0.002892130475683852
0.1591175079345703,0.01812144708747577,0.0016031265258789062,0.0004956228081131693,balanced,gini,35,"{'DT__class_weight': 'balanced', 'DT__criterion': 'gini', 'DT__max_depth': 35}",0.9465515568920361,0.9354415235878034,0.9340317521906424,0.9492805639085589,0.9429062215632202,0.9416413174547296,0.006009138080258266,39,0.9687781239833051,0.9635940007008348,0.9643566767922027,0.9704529636993415,0.9700197238658776,0.9674402978083123,0.002892130475683852
0.147172212600708,0.007351383161086575,0.0015825271606445313,0.0003798668265790659,balanced,gini,36,"{'DT__class_weight': 'balanced', 'DT__criterion': 'gini', 'DT__max_depth': 36}",0.9465515568920361,0.9354415235878034,0.9340317521906424,0.9492805639085589,0.9429062215632202,0.9416413174547296,0.006009138080258266,39,0.9687781239833051,0.9635940007008348,0.9643566767922027,0.9704529636993415,0.9700197238658776,0.9674402978083123,0.002892130475683852
0.23198156356811522,0.062407445805815115,0.0024379730224609376,0.0004599332210033912,balanced,gini,37,"{'DT__class_weight': 'balanced', 'DT__criterion': 'gini', 'DT__max_depth': 37}",0.9465515568920361,0.9354415235878034,0.9340317521906424,0.9492805639085589,0.9429062215632202,0.9416413174547296,0.006009138080258266,39,0.9687781239833051,0.9635940007008348,0.9643566767922027,0.9704529636993415,0.9700197238658776,0.9674402978083123,0.002892130475683852
0.22027969360351562,0.015456288105699812,0.0021976470947265626,0.0008886240049584759,balanced,gini,38,"{'DT__class_weight': 'balanced', 'DT__criterion': 'gini', 'DT__max_depth': 38}",0.9465515568920361,0.9354415235878034,0.9340317521906424,0.9492805639085589,0.9429062215632202,0.9416413174547296,0.006009138080258266,39,0.9687781239833051,0.9635940007008348,0.9643566767922027,0.9704529636993415,0.9700197238658776,0.9674402978083123,0.002892130475683852
0.23263731002807617,0.008035242431524169,0.0024070262908935545,0.0008139925996974318,balanced,gini,39,"{'DT__class_weight': 'balanced', 'DT__criterion': 'gini', 'DT__max_depth': 39}",0.9465515568920361,0.9354415235878034,0.9340317521906424,0.9492805639085589,0.9429062215632202,0.9416413174547296,0.006009138080258266,39,0.9687781239833051,0.9635940007008348,0.9643566767922027,0.9704529636993415,0.9700197238658776,0.9674402978083123,0.002892130475683852
0.23044767379760742,0.006667465135868549,0.00213165283203125,0.00044771191248351024,balanced,gini,40,"{'DT__class_weight': 'balanced', 'DT__criterion': 'gini', 'DT__max_depth': 40}",0.9465515568920361,0.9354415235878034,0.9340317521906424,0.9492805639085589,0.9429062215632202,0.9416413174547296,0.006009138080258266,39,0.9687781239833051,0.9635940007008348,0.9643566767922027,0.9704529636993415,0.9700197238658776,0.9674402978083123,0.002892130475683852
0.23508448600769044,0.01672667462315235,0.0021942615509033202,0.0004001379403725326,balanced,gini,41,"{'DT__class_weight': 'balanced', 'DT__criterion': 'gini', 'DT__max_depth': 41}",0.9465515568920361,0.9354415235878034,0.9340317521906424,0.9492805639085589,0.9429062215632202,0.9416413174547296,0.006009138080258266,39,0.9687781239833051,0.9635940007008348,0.9643566767922027,0.9704529636993415,0.9700197238658776,0.9674402978083123,0.002892130475683852
0.22461180686950682,0.0158754815154653,0.0037149906158447264,0.002010427215214874,balanced,gini,42,"{'DT__class_weight': 'balanced', 'DT__criterion': 'gini', 'DT__max_depth': 42}",0.9465515568920361,0.9354415235878034,0.9340317521906424,0.9492805639085589,0.9429062215632202,0.9416413174547296,0.006009138080258266,39,0.9687781239833051,0.9635940007008348,0.9643566767922027,0.9704529636993415,0.9700197238658776,0.9674402978083123,0.002892130475683852
0.16651597023010253,0.03845474624261077,0.0013931751251220702,0.0004848640418238787,balanced,gini,43,"{'DT__class_weight': 'balanced', 'DT__criterion': 'gini', 'DT__max_depth': 43}",0.9465515568920361,0.9354415235878034,0.9340317521906424,0.9492805639085589,0.9429062215632202,0.9416413174547296,0.006009138080258266,39,0.9687781239833051,0.9635940007008348,0.9643566767922027,0.9704529636993415,0.9700197238658776,0.9674402978083123,0.002892130475683852
0.19043192863464356,0.027604859658784103,0.0025388240814208985,0.0015426095856742924,balanced,gini,44,"{'DT__class_weight': 'balanced', 'DT__criterion': 'gini', 'DT__max_depth': 44}",0.9465515568920361,0.9354415235878034,0.9340317521906424,0.9492805639085589,0.9429062215632202,0.9416413174547296,0.006009138080258266,39,0.9687781239833051,0.9635940007008348,0.9643566767922027,0.9704529636993415,0.9700197238658776,0.9674402978083123,0.002892130475683852
0.1829230308532715,0.02163983067515811,0.0014552593231201172,0.000458061285428253,balanced,gini,45,"{'DT__class_weight': 'balanced', 'DT__criterion': 'gini', 'DT__max_depth': 45}",0.9465515568920361,0.9354415235878034,0.9340317521906424,0.9492805639085589,0.9429062215632202,0.9416413174547296,0.006009138080258266,39,0.9687781239833051,0.9635940007008348,0.9643566767922027,0.9704529636993415,0.9700197238658776,0.9674402978083123,0.002892130475683852
0.2253849983215332,0.008571472021774282,0.0016719341278076173,0.00041291888752754697,balanced,gini,46,"{'DT__class_weight': 'balanced', 'DT__criterion': 'gini', 'DT__max_depth': 46}",0.9465515568920361,0.9354415235878034,0.9340317521906424,0.9492805639085589,0.9429062215632202,0.9416413174547296,0.006009138080258266,39,0.9687781239833051,0.9635940007008348,0.9643566767922027,0.9704529636993415,0.9700197238658776,0.9674402978083123,0.002892130475683852
0.1578001022338867,0.01705781063553649,0.0012088298797607421,0.00039489669929626987,balanced,gini,47,"{'DT__class_weight': 'balanced', 'DT__criterion': 'gini', 'DT__max_depth': 47}",0.9465515568920361,0.9354415235878034,0.9340317521906424,0.9492805639085589,0.9429062215632202,0.9416413174547296,0.006009138080258266,39,0.9687781239833051,0.9635940007008348,0.9643566767922027,0.9704529636993415,0.9700197238658776,0.9674402978083123,0.002892130475683852
0.22461380958557128,0.012206639591468083,0.0019980430603027343,0.0006330201151586696,balanced,gini,48,"{'DT__class_weight': 'balanced', 'DT__criterion': 'gini', 'DT__max_depth': 48}",0.9465515568920361,0.9354415235878034,0.9340317521906424,0.9492805639085589,0.9429062215632202,0.9416413174547296,0.006009138080258266,39,0.9687781239833051,0.9635940007008348,0.9643566767922027,0.9704529636993415,0.9700197238658776,0.9674402978083123,0.002892130475683852
0.15278067588806152,0.032226288276757234,0.0015482425689697266,0.0004403953325654782,balanced,gini,49,"{'DT__class_weight': 'balanced', 'DT__criterion': 'gini', 'DT__max_depth': 49}",0.9465515568920361,0.9354415235878034,0.9340317521906424,0.9492805639085589,0.9429062215632202,0.9416413174547296,0.006009138080258266,39,0.9687781239833051,0.9635940007008348,0.9643566767922027,0.9704529636993415,0.9700197238658776,0.9674402978083123,0.002892130475683852
0.20617403984069824,0.030064084324042912,0.0017301082611083985,0.0004332693822819564,balanced,gini,50,"{'DT__class_weight': 'balanced', 'DT__criterion': 'gini', 'DT__max_depth': 50}",0.9465515568920361,0.9354415235878034,0.9340317521906424,0.9492805639085589,0.9429062215632202,0.9416413174547296,0.006009138080258266,39,0.9687781239833051,0.9635940007008348,0.9643566767922027,0.9704529636993415,0.9700197238658776,0.9674402978083123,0.002892130475683852
0.02165813446044922,0.0022220931306675203,0.0020026206970214845,0.0006317235888606139,balanced,entropy,1,"{'DT__class_weight': 'balanced', 'DT__criterion': 'entropy', 'DT__max_depth': 1}",0.1982248520710059,0.1988165680473373,0.19822485207100593,0.1970414201183432,0.19880952380952382,0.19822297665184055,0.0006469571175076674,197,0.19822222222222222,0.19807407407407407,0.19822222222222224,0.19851851851851857,0.1980769230769231,0.198222792022792,0.00016177118857192598
0.025933265686035156,0.0011015568649126672,0.0015984535217285155,0.0004925268203471922,balanced,entropy,2,"{'DT__class_weight': 'balanced', 'DT__criterion': 'entropy', 'DT__max_depth': 2}",0.37067610825492286,0.3707666440327222,0.36202670805445086,0.3697190157467586,0.36155347384855585,0.3669526848143867,0.004229294924580415,194,0.36852873483023063,0.3655436340334414,0.36809587385596,0.3687680980300792,0.36752352313512465,0.3676919727769672,0.0011545637283882902
0.036754608154296875,0.0029549838342598196,0.0019030094146728516,0.0006683502157421238,balanced,entropy,3,"{'DT__class_weight': 'balanced', 'DT__criterion': 'entropy', 'DT__max_depth': 3}",0.5971093219516926,0.6040741100009701,0.5853202703139653,0.588456688330585,0.5977794483784397,0.5945453952528715,0.006784481978509526,190,0.6032075004615083,0.5989008749909501,0.6025897297252055,0.5982755275917506,0.5984204740194652,0.6002788213577761,0.002157908047528697
0.04592041969299317,0.0024928248928269055,0.001758718490600586,0.0004949443508663664,balanced,entropy,4,"{'DT__class_weight': 'balanced', 'DT__criterion': 'entropy', 'DT__max_depth': 4}",0.726860025220681,0.7865683706793416,0.7700423578103277,0.7274032398874769,0.784442627569992,0.7590431200798785,0.02668654293112057,186,0.7443605149101705,0.7955265622507218,0.7920838865104646,0.7422341429481454,0.7845240404824264,0.7717458294203858,0.023508881672050706
0.06383786201477051,0.0026034171984378267,0.002004718780517578,0.0006286676249505183,balanced,entropy,5,"{'DT__class_weight': 'balanced', 'DT__criterion': 'entropy', 'DT__max_depth': 5}",0.8140330455588968,0.8445694700423577,0.8055129821838525,0.8330584925792995,0.8290854847128492,0.825248843141474,0.013892476110017902,182,0.8402321115303746,0.8487398590229585,0.8297712443267634,0.8341827225070498,0.8350761470559704,0.8376004168886233,0.006486316425042546
0.0905064582824707,0.010220112941460366,0.002221488952636719,0.00037916952078661777,balanced,entropy,6,"{'DT__class_weight': 'balanced', 'DT__criterion': 'entropy', 'DT__max_depth': 6}",0.8725288582791735,0.8771655834707536,0.8714359621043101,0.8828143693213049,0.8843049762343582,0.8776446518967115,0.0052147157521151245,178,0.8977787635115415,0.8888210820234478,0.90143070573895,0.9000223358249348,0.9012893264784815,0.8978684427154711,0.004709441515650336
0.10157589912414551,0.004341042544849705,0.002354288101196289,0.0009696667931847022,balanced,entropy,7,"{'DT__class_weight': 'balanced', 'DT__criterion': 'entropy', 'DT__max_depth': 7}",0.898932971190222,0.9102628770976816,0.9181427231868594,0.910175574740518,0.9103022555418521,0.9095626920622951,0.006134627001143821,174,0.9245114795402003,0.9397499472363648,0.9392974136031013,0.9251053781958725,0.9340180101529406,0.9325364457456959,0.006626630678511536
0.13423547744750977,0.007966181877021226,0.0020278453826904296,0.0006571487764757489,balanced,entropy,8,"{'DT__class_weight': 'balanced', 'DT__criterion': 'entropy', 'DT__max_depth': 8}",0.9164581110356647,0.9296569340705532,0.9274743751414622,0.9169592912341965,0.9236264313660277,0.9228343985434719,0.005366370474369804,170,0.946131304832964,0.9581060108631039,0.9495740404988907,0.9381781968731285,0.949507711708216,0.9482994529552606,0.00642485379725745
0.17818861007690429,0.017623743169944604,0.0023308753967285155,0.000530819754935001,balanced,entropy,9,"{'DT__class_weight': 'balanced', 'DT__criterion': 'entropy', 'DT__max_depth': 9}",0.9277039480065962,0.9407669673747857,0.9374462443819317,0.9294338280466905,0.926905119890618,0.9324556367239691,0.005594719865470952,166,0.9628635494230948,0.9680259116569031,0.9636856233876483,0.9525519336427971,0.9572258867656093,0.9608705809752104,0.0053959027697879575
0.1935563564300537,0.017150539287261405,0.0017328739166259765,0.0003845864290312059,balanced,entropy,10,"{'DT__class_weight': 'balanced', 'DT__criterion': 'entropy', 'DT__max_depth': 10}",0.9358069001196366,0.9411776117955184,0.9414071846606525,0.9389918194457917,0.9301072456337274,0.9375040361416968,0.004204490664241354,160,0.9717517854647475,0.9696671892973353,0.9667969687263938,0.9636058753066498,0.9634752804992401,0.9670594198588732,0.003275993343820218
0.20290546417236327,0.008031017786104717,0.002010965347290039,0.0006235723803457845,balanced,entropy,11,"{'DT__class_weight': 'balanced', 'DT__criterion': 'entropy', 'DT__max_depth': 11}",0.9381737640249619,0.9423610437481811,0.9413166488828532,0.9389012836679923,0.9326345680380989,0.9386822723462989,0.0033839222402321767,120,0.9723099565622202,0.9709435249935919,0.9677887956770241,0.9652584376489928,0.9667070844246127,0.9686015598612883,0.002632986733659778
0.20985493659973145,0.010527426997494267,0.0022235393524169924,0.0004643424822064234,balanced,entropy,12,"{'DT__class_weight': 'balanced', 'DT__criterion': 'entropy', 'DT__max_depth': 12}",0.9393119280887251,0.940585895819187,0.9419083648591846,0.9354415235878034,0.9314410893856039,0.9377427730510165,0.00381587961834851,159,0.97159228807406,0.9703400214665907,0.9668999067881353,0.9649968465425104,0.9640104116144468,0.9675678948971486,0.0029527143858406424
0.2249904155731201,0.015532987370192685,0.0019317150115966796,0.00012698518209044437,balanced,entropy,13,"{'DT__class_weight': 'balanced', 'DT__criterion': 'entropy', 'DT__max_depth': 13}",0.9393119280887251,0.9416335241051507,0.9419083648591846,0.9348950755003717,0.9314868769313914,0.9378522172358432,0.004050869814174636,158,0.97159228807406,0.9719929575764351,0.9668999067881353,0.9644721625214033,0.9678226145439259,0.9685559859007921,0.002863213235337373
0.23146958351135255,0.039571610615958396,0.0019334316253662109,0.0006818245253907459,balanced,entropy,14,"{'DT__class_weight': 'balanced', 'DT__criterion': 'entropy', 'DT__max_depth': 14}",0.9393119280887251,0.9405406279302873,0.9419083648591846,0.9348950755003717,0.9303451907487216,0.9374058538620255,0.00423704207047274,161,0.97159228807406,0.9718448094282869,0.9668999067881353,0.9644721625214033,0.9671282374624114,0.9683874808548595,0.0028758372121728067
0.21579575538635254,0.011452394017144617,0.002044391632080078,0.001051661378531531,balanced,entropy,15,"{'DT__class_weight': 'balanced', 'DT__criterion': 'entropy', 'DT__max_depth': 15}",0.9393119280887251,0.9428169560578135,0.9419083648591846,0.9348950755003717,0.9303451907487216,0.9378614819189397,0.004651738339322875,122,0.97159228807406,0.9714230634689212,0.9668999067881353,0.9644721625214033,0.9671282374624114,0.9683031316629862,0.0027777064411451734
0.18958616256713867,0.00908787678198244,0.0018435955047607423,0.0003490552418611259,balanced,entropy,16,"{'DT__class_weight': 'balanced', 'DT__criterion': 'entropy', 'DT__max_depth': 16}",0.9393119280887251,0.9428169560578135,0.9419083648591846,0.9348950755003717,0.9303451907487216,0.9378614819189397,0.004651738339322875,122,0.97159228807406,0.9714230634689212,0.9668999067881353,0.9644721625214033,0.9671282374624114,0.9683031316629862,0.0027777064411451734
0.20993962287902831,0.007856214264329295,0.0016702175140380859,0.0007313868571911774,balanced,entropy,17,"{'DT__class_weight': 'balanced', 'DT__criterion': 'entropy', 'DT__max_depth': 17}",0.9393119280887251,0.9428169560578135,0.9419083648591846,0.9348950755003717,0.9303451907487216,0.9378614819189397,0.004651738339322875,122,0.97159228807406,0.9714230634689212,0.9668999067881353,0.9644721625214033,0.9671282374624114,0.9683031316629862,0.0027777064411451734
0.18021030426025392,0.018366606745615827,0.001522970199584961,0.0005935091832440851,balanced,entropy,18,"{'DT__class_weight': 'balanced', 'DT__criterion': 'entropy', 'DT__max_depth': 18}",0.9393119280887251,0.9428169560578135,0.9419083648591846,0.9348950755003717,0.9303451907487216,0.9378614819189397,0.004651738339322875,122,0.97159228807406,0.9714230634689212,0.9668999067881353,0.9644721625214033,0.9671282374624114,0.9683031316629862,0.0027777064411451734
0.17912163734436035,0.011188942930909348,0.002229595184326172,0.0011712025279723886,balanced,entropy,19,"{'DT__class_weight': 'balanced', 'DT__criterion': 'entropy', 'DT__max_depth': 19}",0.9393119280887251,0.9428169560578135,0.9419083648591846,0.9348950755003717,0.9303451907487216,0.9378614819189397,0.004651738339322875,122,0.97159228807406,0.9714230634689212,0.9668999067881353,0.9644721625214033,0.9671282374624114,0.9683031316629862,0.0027777064411451734
0.20856146812438964,0.012533235415043528,0.0017626285552978516,0.0007269416491840837,balanced,entropy,20,"{'DT__class_weight': 'balanced', 'DT__criterion': 'entropy', 'DT__max_depth': 20}",0.9393119280887251,0.9428169560578135,0.9419083648591846,0.9348950755003717,0.9303451907487216,0.9378614819189397,0.004651738339322875,122,0.97159228807406,0.9714230634689212,0.9668999067881353,0.9644721625214033,0.9671282374624114,0.9683031316629862,0.0027777064411451734
0.21973810195922852,0.054748836373715026,0.0016358375549316406,0.00041824336623414647,balanced,entropy,21,"{'DT__class_weight': 'balanced', 'DT__criterion': 'entropy', 'DT__max_depth': 21}",0.9393119280887251,0.9428169560578135,0.9419083648591846,0.9348950755003717,0.9303451907487216,0.9378614819189397,0.004651738339322875,122,0.97159228807406,0.9714230634689212,0.9668999067881353,0.9644721625214033,0.9671282374624114,0.9683031316629862,0.0027777064411451734
0.19085125923156737,0.00727321692122488,0.002002382278442383,0.00036382745790225544,balanced,entropy,22,"{'DT__class_weight': 'balanced', 'DT__criterion': 'entropy', 'DT__max_depth': 22}",0.9393119280887251,0.9428169560578135,0.9419083648591846,0.9348950755003717,0.9303451907487216,0.9378614819189397,0.004651738339322875,122,0.97159228807406,0.9714230634689212,0.9668999067881353,0.9644721625214033,0.9671282374624114,0.9683031316629862,0.0027777064411451734
0.17208318710327147,0.02781593118137699,0.0017897129058837891,0.000982239148100117,balanced,entropy,23,"{'DT__class_weight': 'balanced', 'DT__criterion': 'entropy', 'DT__max_depth': 23}",0.9393119280887251,0.9428169560578135,0.9419083648591846,0.9348950755003717,0.9303451907487216,0.9378614819189397,0.004651738339322875,122,0.97159228807406,0.9714230634689212,0.9668999067881353,0.9644721625214033,0.9671282374624114,0.9683031316629862,0.0027777064411451734
0.23098139762878417,0.019719723026342076,0.0013616561889648437,0.0005389139939066691,balanced,entropy,24,"{'DT__class_weight': 'balanced', 'DT__criterion': 'entropy', 'DT__max_depth': 24}",0.9393119280887251,0.9428169560578135,0.9419083648591846,0.9348950755003717,0.9303451907487216,0.9378614819189397,0.004651738339322875,122,0.97159228807406,0.9714230634689212,0.9668999067881353,0.9644721625214033,0.9671282374624114,0.9683031316629862,0.0027777064411451734
0.1965409755706787,0.005114862576649974,0.0025655746459960936,0.0010335592458046213,balanced,entropy,25,"{'DT__class_weight': 'balanced', 'DT__criterion': 'entropy', 'DT__max_depth': 25}",0.9393119280887251,0.9428169560578135,0.9419083648591846,0.9348950755003717,0.9303451907487216,0.9378614819189397,0.004651738339322875,122,0.97159228807406,0.9714230634689212,0.9668999067881353,0.9644721625214033,0.9671282374624114,0.9683031316629862,0.0027777064411451734
0.19848136901855468,0.013084402958780874,0.001576995849609375,0.0007813642532839329,balanced,entropy,26,"{'DT__class_weight': 'balanced', 'DT__criterion': 'entropy', 'DT__max_depth': 26}",0.9393119280887251,0.9428169560578135,0.9419083648591846,0.9348950755003717,0.9303451907487216,0.9378614819189397,0.004651738339322875,122,0.97159228807406,0.9714230634689212,0.9668999067881353,0.9644721625214033,0.9671282374624114,0.9683031316629862,0.0027777064411451734
0.20155553817749022,0.020283311647097353,0.0022590160369873047,0.0006195941740751413,balanced,entropy,27,"{'DT__class_weight': 'balanced', 'DT__criterion': 'entropy', 'DT__max_depth': 27}",0.9393119280887251,0.9428169560578135,0.9419083648591846,0.9348950755003717,0.9303451907487216,0.9378614819189397,0.004651738339322875,122,0.97159228807406,0.9714230634689212,0.9668999067881353,0.9644721625214033,0.9671282374624114,0.9683031316629862,0.0027777064411451734
0.24453511238098144,0.01882018524569193,0.0023956775665283205,0.0004854876119237277,balanced,entropy,28,"{'DT__class_weight': 'balanced', 'DT__criterion': 'entropy', 'DT__max_depth': 28}",0.9393119280887251,0.9428169560578135,0.9419083648591846,0.9348950755003717,0.9303451907487216,0.9378614819189397,0.004651738339322875,122,0.97159228807406,0.9714230634689212,0.9668999067881353,0.9644721625214033,0.9671282374624114,0.9683031316629862,0.0027777064411451734
0.2315303325653076,0.00549137983386183,0.0019001483917236329,0.0006461636922090264,balanced,entropy,29,"{'DT__class_weight': 'balanced', 'DT__criterion': 'entropy', 'DT__max_depth': 29}",0.9393119280887251,0.9428169560578135,0.9419083648591846,0.9348950755003717,0.9303451907487216,0.9378614819189397,0.004651738339322875,122,0.97159228807406,0.9714230634689212,0.9668999067881353,0.9644721625214033,0.9671282374624114,0.9683031316629862,0.0027777064411451734
0.2359687328338623,0.011169234376069422,0.0029928207397460936,5.917393515582492e-07,balanced,entropy,30,"{'DT__class_weight': 'balanced', 'DT__criterion': 'entropy', 'DT__max_depth': 30}",0.9393119280887251,0.9428169560578135,0.9419083648591846,0.9348950755003717,0.9303451907487216,0.9378614819189397,0.004651738339322875,122,0.97159228807406,0.9714230634689212,0.9668999067881353,0.9644721625214033,0.9671282374624114,0.9683031316629862,0.0027777064411451734
0.22940735816955565,0.02621878715797,0.002997303009033203,0.0019736705440637696,balanced,entropy,31,"{'DT__class_weight': 'balanced', 'DT__criterion': 'entropy', 'DT__max_depth': 31}",0.9393119280887251,0.9428169560578135,0.9419083648591846,0.9348950755003717,0.9303451907487216,0.9378614819189397,0.004651738339322875,122,0.97159228807406,0.9714230634689212,0.9668999067881353,0.9644721625214033,0.9671282374624114,0.9683031316629862,0.0027777064411451734
0.20345935821533204,0.00819581500484434,0.002191162109375,0.0007520741295050416,balanced,entropy,32,"{'DT__class_weight': 'balanced', 'DT__criterion': 'entropy', 'DT__max_depth': 32}",0.9393119280887251,0.9428169560578135,0.9419083648591846,0.9348950755003717,0.9303451907487216,0.9378614819189397,0.004651738339322875,122,0.97159228807406,0.9714230634689212,0.9668999067881353,0.9644721625214033,0.9671282374624114,0.9683031316629862,0.0027777064411451734
0.22459917068481444,0.011535303594542367,0.0024533748626708986,0.00045379138062248513,balanced,entropy,33,"{'DT__class_weight': 'balanced', 'DT__criterion': 'entropy', 'DT__max_depth': 33}",0.9393119280887251,0.9428169560578135,0.9419083648591846,0.9348950755003717,0.9303451907487216,0.9378614819189397,0.004651738339322875,122,0.97159228807406,0.9714230634689212,0.9668999067881353,0.9644721625214033,0.9671282374624114,0.9683031316629862,0.0027777064411451734
0.20586748123168946,0.03233100723523924,0.001987123489379883,0.0009079378884610617,balanced,entropy,34,"{'DT__class_weight': 'balanced', 'DT__criterion': 'entropy', 'DT__max_depth': 34}",0.9393119280887251,0.9428169560578135,0.9419083648591846,0.9348950755003717,0.9303451907487216,0.9378614819189397,0.004651738339322875,122,0.97159228807406,0.9714230634689212,0.9668999067881353,0.9644721625214033,0.9671282374624114,0.9683031316629862,0.0027777064411451734
0.22284383773803712,0.031047013610234125,0.0024994373321533202,0.0006000559911872011,balanced,entropy,35,"{'DT__class_weight': 'balanced', 'DT__criterion': 'entropy', 'DT__max_depth': 35}",0.9393119280887251,0.9428169560578135,0.9419083648591846,0.9348950755003717,0.9303451907487216,0.9378614819189397,0.004651738339322875,122,0.97159228807406,0.9714230634689212,0.9668999067881353,0.9644721625214033,0.9671282374624114,0.9683031316629862,0.0027777064411451734
0.23132925033569335,0.011464410850853968,0.002205085754394531,0.0007268664745932618,balanced,entropy,36,"{'DT__class_weight': 'balanced', 'DT__criterion': 'entropy', 'DT__max_depth': 36}",0.9393119280887251,0.9428169560578135,0.9419083648591846,0.9348950755003717,0.9303451907487216,0.9378614819189397,0.004651738339322875,122,0.97159228807406,0.9714230634689212,0.9668999067881353,0.9644721625214033,0.9671282374624114,0.9683031316629862,0.0027777064411451734
0.21059927940368653,0.02300426493397262,0.0016971588134765624,0.0004611166110329648,balanced,entropy,37,"{'DT__class_weight': 'balanced', 'DT__criterion': 'entropy', 'DT__max_depth': 37}",0.9393119280887251,0.9428169560578135,0.9419083648591846,0.9348950755003717,0.9303451907487216,0.9378614819189397,0.004651738339322875,122,0.97159228807406,0.9714230634689212,0.9668999067881353,0.9644721625214033,0.9671282374624114,0.9683031316629862,0.0027777064411451734
0.22299046516418458,0.009018730250201364,0.001970529556274414,0.0009872965811392278,balanced,entropy,38,"{'DT__class_weight': 'balanced', 'DT__criterion': 'entropy', 'DT__max_depth': 38}",0.9393119280887251,0.9428169560578135,0.9419083648591846,0.9348950755003717,0.9303451907487216,0.9378614819189397,0.004651738339322875,122,0.97159228807406,0.9714230634689212,0.9668999067881353,0.9644721625214033,0.9671282374624114,0.9683031316629862,0.0027777064411451734
0.2108489990234375,0.011566804374249081,0.002414560317993164,0.0004665932998180999,balanced,entropy,39,"{'DT__class_weight': 'balanced', 'DT__criterion': 'entropy', 'DT__max_depth': 39}",0.9393119280887251,0.9428169560578135,0.9419083648591846,0.9348950755003717,0.9303451907487216,0.9378614819189397,0.004651738339322875,122,0.97159228807406,0.9714230634689212,0.9668999067881353,0.9644721625214033,0.9671282374624114,0.9683031316629862,0.0027777064411451734
0.2014927387237549,0.00817870574905859,0.0017183780670166015,0.0008390824984221158,balanced,entropy,40,"{'DT__class_weight': 'balanced', 'DT__criterion': 'entropy', 'DT__max_depth': 40}",0.9393119280887251,0.9428169560578135,0.9419083648591846,0.9348950755003717,0.9303451907487216,0.9378614819189397,0.004651738339322875,122,0.97159228807406,0.9714230634689212,0.9668999067881353,0.9644721625214033,0.9671282374624114,0.9683031316629862,0.0027777064411451734
0.18417792320251464,0.011308802713917857,0.0017257213592529296,0.0006442166079942007,balanced,entropy,41,"{'DT__class_weight': 'balanced', 'DT__criterion': 'entropy', 'DT__max_depth': 41}",0.9393119280887251,0.9428169560578135,0.9419083648591846,0.9348950755003717,0.9303451907487216,0.9378614819189397,0.004651738339322875,122,0.97159228807406,0.9714230634689212,0.9668999067881353,0.9644721625214033,0.9671282374624114,0.9683031316629862,0.0027777064411451734
0.1816256046295166,0.018868901231236312,0.0015838146209716797,0.0007769186559404648,balanced,entropy,42,"{'DT__class_weight': 'balanced', 'DT__criterion': 'entropy', 'DT__max_depth': 42}",0.9393119280887251,0.9428169560578135,0.9419083648591846,0.9348950755003717,0.9303451907487216,0.9378614819189397,0.004651738339322875,122,0.97159228807406,0.9714230634689212,0.9668999067881353,0.9644721625214033,0.9671282374624114,0.9683031316629862,0.0027777064411451734
0.20674600601196289,0.0383144671217254,0.0023600578308105467,0.0005201325951611512,balanced,entropy,43,"{'DT__class_weight': 'balanced', 'DT__criterion': 'entropy', 'DT__max_depth': 43}",0.9393119280887251,0.9428169560578135,0.9419083648591846,0.9348950755003717,0.9303451907487216,0.9378614819189397,0.004651738339322875,122,0.97159228807406,0.9714230634689212,0.9668999067881353,0.9644721625214033,0.9671282374624114,0.9683031316629862,0.0027777064411451734
0.22041049003601074,0.032678358716106685,0.0021942615509033202,0.0003989458475937594,balanced,entropy,44,"{'DT__class_weight': 'balanced', 'DT__criterion': 'entropy', 'DT__max_depth': 44}",0.9393119280887251,0.9428169560578135,0.9419083648591846,0.9348950755003717,0.9303451907487216,0.9378614819189397,0.004651738339322875,122,0.97159228807406,0.9714230634689212,0.9668999067881353,0.9644721625214033,0.9671282374624114,0.9683031316629862,0.0027777064411451734
0.22203946113586426,0.013094687963645445,0.0021776199340820313,0.0007523556054180174,balanced,entropy,45,"{'DT__class_weight': 'balanced', 'DT__criterion': 'entropy', 'DT__max_depth': 45}",0.9393119280887251,0.9428169560578135,0.9419083648591846,0.9348950755003717,0.9303451907487216,0.9378614819189397,0.004651738339322875,122,0.97159228807406,0.9714230634689212,0.9668999067881353,0.9644721625214033,0.9671282374624114,0.9683031316629862,0.0027777064411451734
0.20794272422790527,0.028237048668346774,0.00159759521484375,0.0005855076727951402,balanced,entropy,46,"{'DT__class_weight': 'balanced', 'DT__criterion': 'entropy', 'DT__max_depth': 46}",0.9393119280887251,0.9428169560578135,0.9419083648591846,0.9348950755003717,0.9303451907487216,0.9378614819189397,0.004651738339322875,122,0.97159228807406,0.9714230634689212,0.9668999067881353,0.9644721625214033,0.9671282374624114,0.9683031316629862,0.0027777064411451734
0.1816312313079834,0.01062944583921866,0.0018406391143798828,0.00019352442968267902,balanced,entropy,47,"{'DT__class_weight': 'balanced', 'DT__criterion': 'entropy', 'DT__max_depth': 47}",0.9393119280887251,0.9428169560578135,0.9419083648591846,0.9348950755003717,0.9303451907487216,0.9378614819189397,0.004651738339322875,122,0.97159228807406,0.9714230634689212,0.9668999067881353,0.9644721625214033,0.9671282374624114,0.9683031316629862,0.0027777064411451734
0.1992809772491455,0.017860782221558836,0.0015383243560791015,0.00045015926513982627,balanced,entropy,48,"{'DT__class_weight': 'balanced', 'DT__criterion': 'entropy', 'DT__max_depth': 48}",0.9393119280887251,0.9428169560578135,0.9419083648591846,0.9348950755003717,0.9303451907487216,0.9378614819189397,0.004651738339322875,122,0.97159228807406,0.9714230634689212,0.9668999067881353,0.9644721625214033,0.9671282374624114,0.9683031316629862,0.0027777064411451734
0.21048827171325685,0.018162800669928997,0.002048206329345703,0.0006770541007851262,balanced,entropy,49,"{'DT__class_weight': 'balanced', 'DT__criterion': 'entropy', 'DT__max_depth': 49}",0.9393119280887251,0.9428169560578135,0.9419083648591846,0.9348950755003717,0.9303451907487216,0.9378614819189397,0.004651738339322875,122,0.97159228807406,0.9714230634689212,0.9668999067881353,0.9644721625214033,0.9671282374624114,0.9683031316629862,0.0027777064411451734
0.21400032043457032,0.025018683665769956,0.001816701889038086,0.0004085334570941052,balanced,entropy,50,"{'DT__class_weight': 'balanced', 'DT__criterion': 'entropy', 'DT__max_depth': 50}",0.9393119280887251,0.9428169560578135,0.9419083648591846,0.9348950755003717,0.9303451907487216,0.9378614819189397,0.004651738339322875,122,0.97159228807406,0.9714230634689212,0.9668999067881353,0.9644721625214033,0.9671282374624114,0.9683031316629862,0.0027777064411451734
0.024910688400268555,0.0028600316833831668,0.002136039733886719,0.0007675518653444466,,gini,1,"{'DT__class_weight': None, 'DT__criterion': 'gini', 'DT__max_depth': 1}",0.19836065573770492,0.19344262295081968,0.19289940828402372,0.19726775956284154,0.19505494505494508,0.19540535705488513,0.0021201233715486254,199,0.1961696306429549,0.19767441860465118,0.19066666666666668,0.19644322845417242,0.19672131147540983,0.19553505116877098,0.0024864734582100627
0.030715513229370116,0.002923028937315875,0.0028061866760253906,0.0007228466158296273,,gini,2,"{'DT__class_weight': None, 'DT__criterion': 'gini', 'DT__max_depth': 2}",0.3479257606622046,0.3378148543344004,0.3536101141397485,0.3364956187150386,0.3466665165435658,0.34450085018984655,0.006454953890735396,196,0.3469564677143785,0.3461686953936063,0.34522898492221904,0.344384655764284,0.3439850292624568,0.3453447666113889,0.0011009580355218402
0.03370742797851563,0.002223696267729811,0.0019419193267822266,0.0005164658678666119,,gini,3,"{'DT__class_weight': None, 'DT__criterion': 'gini', 'DT__max_depth': 3}",0.5575613541565623,0.566663433246031,0.5556892036084975,0.5606557377049181,0.5738626442913959,0.5628777366067318,0.006626773455570715,191,0.5704294901320293,0.5667371528676104,0.5620375921395254,0.5687521345748981,0.5661978206744915,0.566830838077711,0.0028293593413865085
0.04162321090698242,0.00417904276143455,0.002456808090209961,0.00044929308100592394,,gini,4,"{'DT__class_weight': None, 'DT__criterion': 'gini', 'DT__max_depth': 4}",0.7312057425550489,0.7275131761890904,0.7164548776150291,0.7180036860995247,0.726648178429389,0.7239629962372363,0.005731641320880003,187,0.7256360530342517,0.724562635591779,0.724600966970193,0.728164578215563,0.7290878520386718,0.7264104171700917,0.001872633709558682
0.05620365142822266,0.0021270467824351783,0.002146625518798828,0.0005059430912537703,,gini,5,"{'DT__class_weight': None, 'DT__criterion': 'gini', 'DT__max_depth': 5}",0.8160345329323891,0.8179002166391826,0.7955055453163904,0.8043812849613605,0.8083365667539689,0.8084317049988076,0.0081390379945875,183,0.8154022904344719,0.8169149230904189,0.8152190298300033,0.8146662909430905,0.8198588611892521,0.8164122790974473,0.0018774437220843068
0.06951417922973632,0.005960705703813117,0.001672840118408203,0.0004344681193291468,,gini,6,"{'DT__class_weight': None, 'DT__criterion': 'gini', 'DT__max_depth': 6}",0.8575516538946552,0.86155462864164,0.843848417240599,0.8581401364503507,0.8510480902031975,0.8544312764569721,0.006289502543725074,179,0.8690557494502116,0.8698631769285162,0.8682144540851886,0.8657391854501792,0.8757453034565266,0.8697235738741245,0.0033129895649631367
0.10876479148864746,0.015169114200122598,0.001640176773071289,0.0005008769007591588,,gini,7,"{'DT__class_weight': None, 'DT__criterion': 'gini', 'DT__max_depth': 7}",0.8993888834998545,0.9069421541048275,0.881634170789278,0.9022569276037119,0.8899489696936104,0.8960390655326738,0.00909430724499015,175,0.91869331107006,0.9146017508006992,0.9129618411444081,0.9136523922031795,0.9165389465515569,0.9152896483539807,0.002084138336261803
0.13263440132141113,0.006208911288857667,0.002428770065307617,0.00046510430957661633,,gini,8,"{'DT__class_weight': None, 'DT__criterion': 'gini', 'DT__max_depth': 8}",0.9262489087205356,0.9230575225531089,0.9081740873670255,0.9276166456494325,0.9164756061508899,0.920317610227805,0.007187993718675467,171,0.9416842923821617,0.9366747503902725,0.94121419690071,0.938809905760803,0.9437982992207454,0.9404362889309384,0.002460083779934427
0.241005802154541,0.06991191898977976,0.0030651092529296875,0.0011289423290952562,,gini,9,"{'DT__class_weight': None, 'DT__criterion': 'gini', 'DT__max_depth': 9}",0.9372199049374332,0.9273385714747631,0.9162317715911664,0.9415462217479871,0.9316092272586599,0.9307884865400666,0.008739182652158445,167,0.9545937266980474,0.9508336032052649,0.9514232244518865,0.9531565292196519,0.9603679632683414,0.9540750093686384,0.0034132863752216027
0.16970605850219728,0.012780860350500309,0.002308082580566406,0.000999862557821797,,gini,10,"{'DT__class_weight': None, 'DT__criterion': 'gini', 'DT__max_depth': 10}",0.9411808452161541,0.9373072072945969,0.9248359039027386,0.9445500695185437,0.934867187247389,0.9365495809035655,0.006726660512802053,163,0.9593481862444191,0.9574433045051692,0.9581892372574019,0.9589663073392215,0.9642723186859379,0.95964387080643,0.0024053067244669954
0.17708172798156738,0.01922140866592548,0.0016214370727539063,0.0003754186339232444,,gini,11,"{'DT__class_weight': None, 'DT__criterion': 'gini', 'DT__max_depth': 11}",0.9423642771688169,0.9389012836679923,0.9309373686422867,0.9429107252562485,0.937650700497485,0.9385535892535309,0.004301610047265403,121,0.961375239197071,0.9590842984509074,0.9667261600877024,0.9616560357998594,0.965627121932292,0.9628937710935664,0.0028463457907663458
0.20206108093261718,0.01800940171647937,0.001916790008544922,0.0005072068594060778,,gini,12,"{'DT__class_weight': None, 'DT__criterion': 'gini', 'DT__max_depth': 12}",0.9424548129466161,0.9388107478901929,0.9326219807934816,0.9472823099557022,0.9394328926642924,0.940121096284755,0.004800966038379342,78,0.9632328827840099,0.9610796326332851,0.9668852191702594,0.9650862468387218,0.966412034791606,0.9645392032435763,0.002144091760219606
0.21201539039611816,0.018605457938244543,0.001976346969604492,3.8107195619807455e-05,,gini,13,"{'DT__class_weight': None, 'DT__criterion': 'gini', 'DT__max_depth': 13}",0.9434571733436803,0.9353057199211045,0.9322566042616484,0.9497397096388268,0.9417287945345952,0.9404966202012968,0.006175869158799397,75,0.9645560677915068,0.9626845080565769,0.9691765186103557,0.9670910396144258,0.9696899149610372,0.9666396098067805,0.002680598211849255
0.19748940467834472,0.008969593769285703,0.002006864547729492,0.0005850616000078958,,gini,14,"{'DT__class_weight': None, 'DT__criterion': 'gini', 'DT__max_depth': 14}",0.9401784848190899,0.9376273159375301,0.932301872150548,0.9463704853364374,0.9428669585983583,0.9398666367487397,0.004768523531104087,80,0.9642137019892879,0.9643709312427869,0.9697572013091562,0.9666007125478095,0.9682332589646586,0.9666351612107398,0.002158353058538302
0.19084582328796387,0.011031306017236299,0.001673746109008789,0.00043190904303647696,,gini,15,"{'DT__class_weight': None, 'DT__criterion': 'gini', 'DT__max_depth': 15}",0.9412261131050537,0.9353962556989038,0.9345329323891746,0.9445953374074434,0.9388899666957674,0.9389281514334916,0.003721462004947863,119,0.9669939234988011,0.9622969967085802,0.9693244798747529,0.9647086474657509,0.9683698709865165,0.9663387837068804,0.002548030282221099
0.20770564079284667,0.01956213425634914,0.002355623245239258,0.0010375898813208828,,gini,16,"{'DT__class_weight': None, 'DT__criterion': 'gini', 'DT__max_depth': 16}",0.940679665017622,0.9364891518737672,0.9328935881268795,0.945642965693407,0.9405811034278878,0.9392562409600406,0.004307635140632529,83,0.9661514305394528,0.9624228201391513,0.968982178613163,0.9671029817785322,0.9673456850001615,0.9664010192140922,0.0021879621166293536
0.21229109764099122,0.011024900320747408,0.002409839630126953,0.0005298344407499525,,gini,17,"{'DT__class_weight': None, 'DT__criterion': 'gini', 'DT__max_depth': 17}",0.9411808452161541,0.9364891518737672,0.9317554240631163,0.945642965693407,0.9405811034278878,0.9391287427679779,0.004693998068171459,84,0.966674928717426,0.9624228201391513,0.9682414378724223,0.9671029817785322,0.9673456850001615,0.9663575707015386,0.0020329260270278747
0.21965174674987792,0.010811505781237511,0.0023604869842529298,0.0005194737754439678,,gini,18,"{'DT__class_weight': None, 'DT__criterion': 'gini', 'DT__max_depth': 18}",0.9411808452161541,0.9364891518737672,0.931163708086785,0.945642965693407,0.9405811034278878,0.939010305361138,0.0048822356810068685,86,0.966674928717426,0.9624228201391513,0.9686858823168668,0.9671029817785322,0.9673456850001615,0.9664464595904276,0.0021211560265353368
0.20768327713012696,0.009100511662031128,0.0023690223693847655,0.0005140951130107399,,gini,19,"{'DT__class_weight': None, 'DT__criterion': 'gini', 'DT__max_depth': 19}",0.9411808452161541,0.9364891518737672,0.931163708086785,0.945642965693407,0.9405811034278878,0.939010305361138,0.0048822356810068685,86,0.966674928717426,0.9624228201391513,0.9686858823168668,0.9671029817785322,0.9673456850001615,0.9664464595904276,0.0021211560265353368
0.20942487716674804,0.014920245871596072,0.002168607711791992,0.0005288932238054708,,gini,20,"{'DT__class_weight': None, 'DT__criterion': 'gini', 'DT__max_depth': 20}",0.9411808452161541,0.9364891518737672,0.931163708086785,0.945642965693407,0.9405811034278878,0.939010305361138,0.0048822356810068685,86,0.966674928717426,0.9624228201391513,0.9686858823168668,0.9671029817785322,0.9673456850001615,0.9664464595904276,0.0021211560265353368
0.2355876922607422,0.021979237072546492,0.0029026031494140624,0.001087630077755025,,gini,21,"{'DT__class_weight': None, 'DT__criterion': 'gini', 'DT__max_depth': 21}",0.9411808452161541,0.9364891518737672,0.931163708086785,0.945642965693407,0.9405811034278878,0.939010305361138,0.0048822356810068685,86,0.966674928717426,0.9624228201391513,0.9686858823168668,0.9671029817785322,0.9673456850001615,0.9664464595904276,0.0021211560265353368
0.25689010620117186,0.048749643942937904,0.001743173599243164,0.0004450982706894929,,gini,22,"{'DT__class_weight': None, 'DT__criterion': 'gini', 'DT__max_depth': 22}",0.9411808452161541,0.9364891518737672,0.931163708086785,0.945642965693407,0.9405811034278878,0.939010305361138,0.0048822356810068685,86,0.966674928717426,0.9624228201391513,0.9686858823168668,0.9671029817785322,0.9673456850001615,0.9664464595904276,0.0021211560265353368
0.22159428596496583,0.031605298271284,0.001757335662841797,0.0007395707646223033,,gini,23,"{'DT__class_weight': None, 'DT__criterion': 'gini', 'DT__max_depth': 23}",0.9411808452161541,0.9364891518737672,0.931163708086785,0.945642965693407,0.9405811034278878,0.939010305361138,0.0048822356810068685,86,0.966674928717426,0.9624228201391513,0.9686858823168668,0.9671029817785322,0.9673456850001615,0.9664464595904276,0.0021211560265353368
0.22973408699035644,0.006947963409337133,0.002091789245605469,0.0008937807073925859,,gini,24,"{'DT__class_weight': None, 'DT__criterion': 'gini', 'DT__max_depth': 24}",0.9411808452161541,0.9364891518737672,0.931163708086785,0.945642965693407,0.9405811034278878,0.939010305361138,0.0048822356810068685,86,0.966674928717426,0.9624228201391513,0.9686858823168668,0.9671029817785322,0.9673456850001615,0.9664464595904276,0.0021211560265353368
0.19701523780822755,0.021336829677291905,0.0013555526733398438,0.0005666762680609153,,gini,25,"{'DT__class_weight': None, 'DT__criterion': 'gini', 'DT__max_depth': 25}",0.9411808452161541,0.9364891518737672,0.931163708086785,0.945642965693407,0.9405811034278878,0.939010305361138,0.0048822356810068685,86,0.966674928717426,0.9624228201391513,0.9686858823168668,0.9671029817785322,0.9673456850001615,0.9664464595904276,0.0021211560265353368
0.16020731925964354,0.010506761989082302,0.001544809341430664,0.00045637467872106796,,gini,26,"{'DT__class_weight': None, 'DT__criterion': 'gini', 'DT__max_depth': 26}",0.9411808452161541,0.9364891518737672,0.931163708086785,0.945642965693407,0.9405811034278878,0.939010305361138,0.0048822356810068685,86,0.966674928717426,0.9624228201391513,0.9686858823168668,0.9671029817785322,0.9673456850001615,0.9664464595904276,0.0021211560265353368
0.16435537338256836,0.018123560088407965,0.0014573097229003905,0.0004536843730810582,,gini,27,"{'DT__class_weight': None, 'DT__criterion': 'gini', 'DT__max_depth': 27}",0.9411808452161541,0.9364891518737672,0.931163708086785,0.945642965693407,0.9405811034278878,0.939010305361138,0.0048822356810068685,86,0.966674928717426,0.9624228201391513,0.9686858823168668,0.9671029817785322,0.9673456850001615,0.9664464595904276,0.0021211560265353368
0.17080268859863282,0.017053700695493997,0.001350736618041992,0.00044018766094220844,,gini,28,"{'DT__class_weight': None, 'DT__criterion': 'gini', 'DT__max_depth': 28}",0.9411808452161541,0.9364891518737672,0.931163708086785,0.945642965693407,0.9405811034278878,0.939010305361138,0.0048822356810068685,86,0.966674928717426,0.9624228201391513,0.9686858823168668,0.9671029817785322,0.9673456850001615,0.9664464595904276,0.0021211560265353368
0.1807170867919922,0.03403930962546613,0.0016593456268310547,0.0005344570403313481,,gini,29,"{'DT__class_weight': None, 'DT__criterion': 'gini', 'DT__max_depth': 29}",0.9411808452161541,0.9364891518737672,0.931163708086785,0.945642965693407,0.9405811034278878,0.939010305361138,0.0048822356810068685,86,0.966674928717426,0.9624228201391513,0.9686858823168668,0.9671029817785322,0.9673456850001615,0.9664464595904276,0.0021211560265353368
0.18518295288085937,0.030264561037243516,0.0015437602996826172,0.0004793258809185232,,gini,30,"{'DT__class_weight': None, 'DT__criterion': 'gini', 'DT__max_depth': 30}",0.9411808452161541,0.9364891518737672,0.931163708086785,0.945642965693407,0.9405811034278878,0.939010305361138,0.0048822356810068685,86,0.966674928717426,0.9624228201391513,0.9686858823168668,0.9671029817785322,0.9673456850001615,0.9664464595904276,0.0021211560265353368
0.1990797519683838,0.03236655141347025,0.0014222145080566406,0.0004758852134933078,,gini,31,"{'DT__class_weight': None, 'DT__criterion': 'gini', 'DT__max_depth': 31}",0.9411808452161541,0.9364891518737672,0.931163708086785,0.945642965693407,0.9405811034278878,0.939010305361138,0.0048822356810068685,86,0.966674928717426,0.9624228201391513,0.9686858823168668,0.9671029817785322,0.9673456850001615,0.9664464595904276,0.0021211560265353368
0.2176225185394287,0.0071760423926416975,0.002357816696166992,0.0008188402792889615,,gini,32,"{'DT__class_weight': None, 'DT__criterion': 'gini', 'DT__max_depth': 32}",0.9411808452161541,0.9364891518737672,0.931163708086785,0.945642965693407,0.9405811034278878,0.939010305361138,0.0048822356810068685,86,0.966674928717426,0.9624228201391513,0.9686858823168668,0.9671029817785322,0.9673456850001615,0.9664464595904276,0.0021211560265353368
0.2247610092163086,0.014765419011370955,0.0018773078918457031,0.0006689933394210256,,gini,33,"{'DT__class_weight': None, 'DT__criterion': 'gini', 'DT__max_depth': 33}",0.9411808452161541,0.9364891518737672,0.931163708086785,0.945642965693407,0.9405811034278878,0.939010305361138,0.0048822356810068685,86,0.966674928717426,0.9624228201391513,0.9686858823168668,0.9671029817785322,0.9673456850001615,0.9664464595904276,0.0021211560265353368
0.21463413238525392,0.01652824841465356,0.0029030799865722655,0.0005017271560301196,,gini,34,"{'DT__class_weight': None, 'DT__criterion': 'gini', 'DT__max_depth': 34}",0.9411808452161541,0.9364891518737672,0.931163708086785,0.945642965693407,0.9405811034278878,0.939010305361138,0.0048822356810068685,86,0.966674928717426,0.9624228201391513,0.9686858823168668,0.9671029817785322,0.9673456850001615,0.9664464595904276,0.0021211560265353368
0.20880789756774903,0.032632088632059755,0.00207371711730957,0.0006541996478465798,,gini,35,"{'DT__class_weight': None, 'DT__criterion': 'gini', 'DT__max_depth': 35}",0.9411808452161541,0.9364891518737672,0.931163708086785,0.945642965693407,0.9405811034278878,0.939010305361138,0.0048822356810068685,86,0.966674928717426,0.9624228201391513,0.9686858823168668,0.9671029817785322,0.9673456850001615,0.9664464595904276,0.0021211560265353368
0.21753811836242676,0.019752568148568704,0.0020246505737304688,0.0005784735004335059,,gini,36,"{'DT__class_weight': None, 'DT__criterion': 'gini', 'DT__max_depth': 36}",0.9411808452161541,0.9364891518737672,0.931163708086785,0.945642965693407,0.9405811034278878,0.939010305361138,0.0048822356810068685,86,0.966674928717426,0.9624228201391513,0.9686858823168668,0.9671029817785322,0.9673456850001615,0.9664464595904276,0.0021211560265353368
0.22261719703674315,0.0126402407941594,0.00216526985168457,0.00045947468886048723,,gini,37,"{'DT__class_weight': None, 'DT__criterion': 'gini', 'DT__max_depth': 37}",0.9411808452161541,0.9364891518737672,0.931163708086785,0.945642965693407,0.9405811034278878,0.939010305361138,0.0048822356810068685,86,0.966674928717426,0.9624228201391513,0.9686858823168668,0.9671029817785322,0.9673456850001615,0.9664464595904276,0.0021211560265353368
0.20675969123840332,0.009401773717155323,0.0021149635314941405,0.0007585251539201873,,gini,38,"{'DT__class_weight': None, 'DT__criterion': 'gini', 'DT__max_depth': 38}",0.9411808452161541,0.9364891518737672,0.931163708086785,0.945642965693407,0.9405811034278878,0.939010305361138,0.0048822356810068685,86,0.966674928717426,0.9624228201391513,0.9686858823168668,0.9671029817785322,0.9673456850001615,0.9664464595904276,0.0021211560265353368
0.21160078048706055,0.0159591900783864,0.0019469261169433594,0.0008749253324879317,,gini,39,"{'DT__class_weight': None, 'DT__criterion': 'gini', 'DT__max_depth': 39}",0.9411808452161541,0.9364891518737672,0.931163708086785,0.945642965693407,0.9405811034278878,0.939010305361138,0.0048822356810068685,86,0.966674928717426,0.9624228201391513,0.9686858823168668,0.9671029817785322,0.9673456850001615,0.9664464595904276,0.0021211560265353368
0.20108437538146973,0.01619141092061574,0.0013823986053466796,0.0004994235738308168,,gini,40,"{'DT__class_weight': None, 'DT__criterion': 'gini', 'DT__max_depth': 40}",0.9411808452161541,0.9364891518737672,0.931163708086785,0.945642965693407,0.9405811034278878,0.939010305361138,0.0048822356810068685,86,0.966674928717426,0.9624228201391513,0.9686858823168668,0.9671029817785322,0.9673456850001615,0.9664464595904276,0.0021211560265353368
0.21740427017211914,0.030724522102092443,0.0019577503204345702,0.0006192274532426465,,gini,41,"{'DT__class_weight': None, 'DT__criterion': 'gini', 'DT__max_depth': 41}",0.9411808452161541,0.9364891518737672,0.931163708086785,0.945642965693407,0.9405811034278878,0.939010305361138,0.0048822356810068685,86,0.966674928717426,0.9624228201391513,0.9686858823168668,0.9671029817785322,0.9673456850001615,0.9664464595904276,0.0021211560265353368
0.20994062423706056,0.014237702999157708,0.0019999980926513673,0.0003701669875261645,,gini,42,"{'DT__class_weight': None, 'DT__criterion': 'gini', 'DT__max_depth': 42}",0.9411808452161541,0.9364891518737672,0.931163708086785,0.945642965693407,0.9405811034278878,0.939010305361138,0.0048822356810068685,86,0.966674928717426,0.9624228201391513,0.9686858823168668,0.9671029817785322,0.9673456850001615,0.9664464595904276,0.0021211560265353368
0.21233134269714354,0.018400875404531156,0.0018278598785400391,0.0004257186446109649,,gini,43,"{'DT__class_weight': None, 'DT__criterion': 'gini', 'DT__max_depth': 43}",0.9411808452161541,0.9364891518737672,0.931163708086785,0.945642965693407,0.9405811034278878,0.939010305361138,0.0048822356810068685,86,0.966674928717426,0.9624228201391513,0.9686858823168668,0.9671029817785322,0.9673456850001615,0.9664464595904276,0.0021211560265353368
0.21805343627929688,0.01458833621966319,0.0019318103790283204,0.0009188438807984278,,gini,44,"{'DT__class_weight': None, 'DT__criterion': 'gini', 'DT__max_depth': 44}",0.9411808452161541,0.9364891518737672,0.931163708086785,0.945642965693407,0.9405811034278878,0.939010305361138,0.0048822356810068685,86,0.966674928717426,0.9624228201391513,0.9686858823168668,0.9671029817785322,0.9673456850001615,0.9664464595904276,0.0021211560265353368
0.20369787216186525,0.01285604933914876,0.0019482135772705077,0.0006196478890991878,,gini,45,"{'DT__class_weight': None, 'DT__criterion': 'gini', 'DT__max_depth': 45}",0.9411808452161541,0.9364891518737672,0.931163708086785,0.945642965693407,0.9405811034278878,0.939010305361138,0.0048822356810068685,86,0.966674928717426,0.9624228201391513,0.9686858823168668,0.9671029817785322,0.9673456850001615,0.9664464595904276,0.0021211560265353368
0.2144157886505127,0.014475472262592748,0.002388143539428711,0.0004979745072566104,,gini,46,"{'DT__class_weight': None, 'DT__criterion': 'gini', 'DT__max_depth': 46}",0.9411808452161541,0.9364891518737672,0.931163708086785,0.945642965693407,0.9405811034278878,0.939010305361138,0.0048822356810068685,86,0.966674928717426,0.9624228201391513,0.9686858823168668,0.9671029817785322,0.9673456850001615,0.9664464595904276,0.0021211560265353368
0.2245769500732422,0.009449348347942475,0.001275777816772461,0.0003945522786387712,,gini,47,"{'DT__class_weight': None, 'DT__criterion': 'gini', 'DT__max_depth': 47}",0.9411808452161541,0.9364891518737672,0.931163708086785,0.945642965693407,0.9405811034278878,0.939010305361138,0.0048822356810068685,86,0.966674928717426,0.9624228201391513,0.9686858823168668,0.9671029817785322,0.9673456850001615,0.9664464595904276,0.0021211560265353368
0.2183830738067627,0.0174616735958989,0.0018344879150390624,0.0006908936944373039,,gini,48,"{'DT__class_weight': None, 'DT__criterion': 'gini', 'DT__max_depth': 48}",0.9411808452161541,0.9364891518737672,0.931163708086785,0.945642965693407,0.9405811034278878,0.939010305361138,0.0048822356810068685,86,0.966674928717426,0.9624228201391513,0.9686858823168668,0.9671029817785322,0.9673456850001615,0.9664464595904276,0.0021211560265353368
0.19448060989379884,0.0170331729874169,0.001991558074951172,0.0006609986344359686,,gini,49,"{'DT__class_weight': None, 'DT__criterion': 'gini', 'DT__max_depth': 49}",0.9411808452161541,0.9364891518737672,0.931163708086785,0.945642965693407,0.9405811034278878,0.939010305361138,0.0048822356810068685,86,0.966674928717426,0.9624228201391513,0.9686858823168668,0.9671029817785322,0.9673456850001615,0.9664464595904276,0.0021211560265353368
0.19981374740600585,0.03398976159343906,0.0016897201538085937,0.00045279308624307296,,gini,50,"{'DT__class_weight': None, 'DT__criterion': 'gini', 'DT__max_depth': 50}",0.9411808452161541,0.9364891518737672,0.931163708086785,0.945642965693407,0.9405811034278878,0.939010305361138,0.0048822356810068685,86,0.966674928717426,0.9624228201391513,0.9686858823168668,0.9671029817785322,0.9673456850001615,0.9664464595904276,0.0021211560265353368
0.02034869194030762,0.0011933646342233875,0.0015993595123291015,0.0007921289915091879,,entropy,1,"{'DT__class_weight': None, 'DT__criterion': 'entropy', 'DT__max_depth': 1}",0.19672131147540983,0.19508196721311477,0.19836065573770495,0.19562841530054645,0.19505494505494503,0.19617034620726084,0.0012509733975267759,198,0.19603283173734615,0.19644322845417242,0.19562243502051985,0.19630642954856364,0.196448087431694,0.19617060243845924,0.0003128066987546749
0.02816948890686035,0.0014058369629084135,0.0019777774810791015,3.485695934127045e-05,,entropy,2,"{'DT__class_weight': None, 'DT__criterion': 'entropy', 'DT__max_depth': 2}",0.3672131147540984,0.3707666440327222,0.36557377049180334,0.3697190157467586,0.36155347384855585,0.36696951198694316,0.003263267530454746,193,0.36470700365544617,0.3655436340334414,0.36840132164188594,0.3687680980300792,0.36752352313512465,0.3669887160991955,0.0015963800859193338
0.03691620826721191,0.0010945334753997438,0.0023756027221679688,0.0005807956059230032,,entropy,3,"{'DT__class_weight': None, 'DT__criterion': 'entropy', 'DT__max_depth': 3}",0.6107705241374851,0.6040741100009701,0.5995246871665536,0.588456688330585,0.5977794483784397,0.6001229557564027,0.0073638020983500165,189,0.6092895503064838,0.5989008749909501,0.6118176506559365,0.5982755275917506,0.5984204740194652,0.6033408155129173,0.00594683367282496
0.045896387100219725,0.006627668891290418,0.0017638683319091796,0.00040291564405100334,,entropy,4,"{'DT__class_weight': None, 'DT__criterion': 'entropy', 'DT__max_depth': 4}",0.7902706373072074,0.7605328677207618,0.7788889966695768,0.7274032398874769,0.784442627569992,0.7682948289912244,0.022756610667407196,185,0.7945437735192463,0.7693043400284995,0.7947600841550431,0.7422341429481454,0.7845240404824264,0.7770732762266721,0.019736650757359926
0.06875462532043457,0.003083973428067575,0.0018906116485595704,0.00017538051231833998,,entropy,5,"{'DT__class_weight': None, 'DT__criterion': 'entropy', 'DT__max_depth': 5}",0.8431629320658325,0.849257929964109,0.8283700326575486,0.8331490283570989,0.8286733968007612,0.836528912674879,0.008315861635756747,181,0.8596909176310642,0.8578256120855681,0.8600000096673329,0.8356509859084836,0.8334052769424772,0.8493145604469852,0.01211679977752244
0.09579596519470215,0.002390003842703491,0.0016076087951660157,0.0005694623524506741,,entropy,6,"{'DT__class_weight': None, 'DT__criterion': 'entropy', 'DT__max_depth': 6}",0.8872279884890224,0.8878164710447182,0.8769457108675267,0.8862288615125942,0.8757944976419125,0.8828082850602376,0.005287619200426032,177,0.907040178812142,0.909855784259491,0.9134290335409911,0.9031435353362132,0.8985134348627412,0.9063963933623157,0.005187716125841539
0.12309160232543945,0.00938740286975279,0.00199737548828125,0.0006444297556467755,,entropy,7,"{'DT__class_weight': None, 'DT__criterion': 'entropy', 'DT__max_depth': 7}",0.9141785494875029,0.9154040159084296,0.9106347204707862,0.9134995311540078,0.9145117072922873,0.9136450154486362,0.0016260668009841876,173,0.93433004292114,0.9418125023808941,0.9370313284891786,0.9278848844406969,0.9340309438354835,0.9350179404134785,0.004528745004704854
0.15793266296386718,0.0066239951553805805,0.0019916534423828126,0.0006305484896610349,,entropy,8,"{'DT__class_weight': None, 'DT__criterion': 'entropy', 'DT__max_depth': 8}",0.9357131309212016,0.9329356225951433,0.9270216962524654,0.9190998156950237,0.9318033479761096,0.9293127415237653,0.005830208159091821,169,0.9588177761936522,0.9603380122586206,0.9636057852338422,0.9396130205420801,0.9545284056002843,0.9553805999656959,0.008406980264944986
0.17384762763977052,0.017004837560909165,0.0020673274993896484,0.000864841408650532,,entropy,9,"{'DT__class_weight': None, 'DT__criterion': 'entropy', 'DT__max_depth': 9}",0.9410418081288194,0.9420862029941475,0.9310764057296214,0.9305267242215538,0.9351826189783314,0.9359833889866377,0.004845981856433866,164,0.9652339197934653,0.9695172473109173,0.9671093321055869,0.9541576039449757,0.9621778704691692,0.9636391947248228,0.005313615266228209
0.1806929111480713,0.013339050652903922,0.001691293716430664,0.0004030428218861174,,entropy,10,"{'DT__class_weight': None, 'DT__criterion': 'entropy', 'DT__max_depth': 10}",0.9473696123128656,0.9431790991690109,0.9312122093963204,0.9412228796844181,0.9335740499517298,0.939316137672647,0.006034492707201345,82,0.9685732790895198,0.9688689824642491,0.9719041397431811,0.9663967307940136,0.9619951822032528,0.9675476628588433,0.0032842457595188366
0.17155060768127442,0.016251019823037637,0.0016042232513427735,0.0008091485214335468,,entropy,11,"{'DT__class_weight': None, 'DT__criterion': 'entropy', 'DT__max_depth': 11}",0.946186180360203,0.9436802793675428,0.9352636854528407,0.9385844084456946,0.9381130219087345,0.9403673082893512,0.003979581162294037,76,0.9712063191399535,0.9690750454714828,0.971473300622558,0.9672865113727327,0.9655818540433925,0.9689246061300238,0.002261947648287103
0.18481011390686036,0.011394313244040215,0.002023935317993164,0.0006911589218192556,,entropy,12,"{'DT__class_weight': None, 'DT__criterion': 'entropy', 'DT__max_depth': 12}",0.9439098522326769,0.9454554272965369,0.9392698936204611,0.9341675558573415,0.9359610072567198,0.939755765810688,0.00437323043591421,81,0.9717081177922309,0.9701007332659803,0.9761098117861675,0.9621459282788183,0.9708280790248002,0.9701785340295995,0.004527038747781102
0.20333175659179686,0.017394707938250955,0.0019133567810058593,0.00014273588090336553,,entropy,13,"{'DT__class_weight': None, 'DT__criterion': 'entropy', 'DT__max_depth': 13}",0.9450932841853396,0.9431790991690109,0.938267533223397,0.9439551201215766,0.9380642319009279,0.9417147575472692,0.00295869803368894,38,0.9717421655198492,0.9701007332659803,0.9764759500320868,0.9686988661692804,0.9682680182364923,0.9710571466447379,0.002969448825613107
0.20453600883483886,0.029873854156274294,0.0024271011352539062,0.0007413858400690536,,entropy,14,"{'DT__class_weight': None, 'DT__criterion': 'entropy', 'DT__max_depth': 14}",0.9438193164548776,0.9431790991690109,0.938267533223397,0.9439551201215766,0.9380642319009279,0.9414597611631439,0.0027001303506757708,73,0.9735319005353024,0.9701007332659803,0.9764759500320868,0.9686988661692804,0.9682680182364923,0.9714150936478283,0.0031337727203539535
0.21331257820129396,0.01035642389028468,0.0018242359161376952,0.00034205961320444477,,entropy,15,"{'DT__class_weight': None, 'DT__criterion': 'entropy', 'DT__max_depth': 15}",0.9461861803602029,0.9431790991690109,0.938267533223397,0.9439551201215766,0.9380642319009279,0.9419335107905035,0.0032285047583613617,1,0.9739649957372074,0.9701007332659803,0.9764759500320868,0.9686988661692804,0.9682680182364923,0.9715017126882094,0.0031964440332955197
0.22169270515441894,0.015665266235015046,0.0015103340148925782,0.0005013034514282018,,entropy,16,"{'DT__class_weight': None, 'DT__criterion': 'entropy', 'DT__max_depth': 16}",0.9461861803602029,0.9431790991690109,0.938267533223397,0.9439551201215766,0.9380642319009279,0.9419335107905035,0.0032285047583613617,1,0.9739649957372074,0.9701007332659803,0.9764759500320868,0.9686988661692804,0.9682680182364923,0.9715017126882094,0.0031964440332955197
0.20168204307556153,0.009926614233102229,0.0021846771240234377,0.0009632218638843359,,entropy,17,"{'DT__class_weight': None, 'DT__criterion': 'entropy', 'DT__max_depth': 17}",0.9461861803602029,0.9431790991690109,0.938267533223397,0.9439551201215766,0.9380642319009279,0.9419335107905035,0.0032285047583613617,1,0.9739649957372074,0.9701007332659803,0.9764759500320868,0.9686988661692804,0.9682680182364923,0.9715017126882094,0.0031964440332955197
0.19370274543762206,0.015861547273032527,0.001210641860961914,0.00039244939151761326,,entropy,18,"{'DT__class_weight': None, 'DT__criterion': 'entropy', 'DT__max_depth': 18}",0.9461861803602029,0.9431790991690109,0.938267533223397,0.9439551201215766,0.9380642319009279,0.9419335107905035,0.0032285047583613617,1,0.9739649957372074,0.9701007332659803,0.9764759500320868,0.9686988661692804,0.9682680182364923,0.9715017126882094,0.0031964440332955197
0.2047132968902588,0.011211144952196017,0.0018855571746826173,0.0007853905291950957,,entropy,19,"{'DT__class_weight': None, 'DT__criterion': 'entropy', 'DT__max_depth': 19}",0.9461861803602029,0.9431790991690109,0.938267533223397,0.9439551201215766,0.9380642319009279,0.9419335107905035,0.0032285047583613617,1,0.9739649957372074,0.9701007332659803,0.9764759500320868,0.9686988661692804,0.9682680182364923,0.9715017126882094,0.0031964440332955197
0.20803241729736327,0.010944468641975805,0.0023101806640625,0.0008545201879196705,,entropy,20,"{'DT__class_weight': None, 'DT__criterion': 'entropy', 'DT__max_depth': 20}",0.9461861803602029,0.9431790991690109,0.938267533223397,0.9439551201215766,0.9380642319009279,0.9419335107905035,0.0032285047583613617,1,0.9739649957372074,0.9701007332659803,0.9764759500320868,0.9686988661692804,0.9682680182364923,0.9715017126882094,0.0031964440332955197
0.2040620803833008,0.008254234295130662,0.0013747692108154296,0.000802588890259035,,entropy,21,"{'DT__class_weight': None, 'DT__criterion': 'entropy', 'DT__max_depth': 21}",0.9461861803602029,0.9431790991690109,0.938267533223397,0.9439551201215766,0.9380642319009279,0.9419335107905035,0.0032285047583613617,1,0.9739649957372074,0.9701007332659803,0.9764759500320868,0.9686988661692804,0.9682680182364923,0.9715017126882094,0.0031964440332955197
0.21383790969848632,0.010825772617475764,0.001964759826660156,0.0007235804166975918,,entropy,22,"{'DT__class_weight': None, 'DT__criterion': 'entropy', 'DT__max_depth': 22}",0.9461861803602029,0.9431790991690109,0.938267533223397,0.9439551201215766,0.9380642319009279,0.9419335107905035,0.0032285047583613617,1,0.9739649957372074,0.9701007332659803,0.9764759500320868,0.9686988661692804,0.9682680182364923,0.9715017126882094,0.0031964440332955197
0.204854154586792,0.010081029697904496,0.0016952991485595704,0.0007429877715398382,,entropy,23,"{'DT__class_weight': None, 'DT__criterion': 'entropy', 'DT__max_depth': 23}",0.9461861803602029,0.9431790991690109,0.938267533223397,0.9439551201215766,0.9380642319009279,0.9419335107905035,0.0032285047583613617,1,0.9739649957372074,0.9701007332659803,0.9764759500320868,0.9686988661692804,0.9682680182364923,0.9715017126882094,0.0031964440332955197
0.1856689929962158,0.007660537137718333,0.0019492626190185547,0.000654212611708745,,entropy,24,"{'DT__class_weight': None, 'DT__criterion': 'entropy', 'DT__max_depth': 24}",0.9461861803602029,0.9431790991690109,0.938267533223397,0.9439551201215766,0.9380642319009279,0.9419335107905035,0.0032285047583613617,1,0.9739649957372074,0.9701007332659803,0.9764759500320868,0.9686988661692804,0.9682680182364923,0.9715017126882094,0.0031964440332955197
0.20547823905944823,0.008822721435479262,0.0020018577575683593,0.0006508517450081186,,entropy,25,"{'DT__class_weight': None, 'DT__criterion': 'entropy', 'DT__max_depth': 25}",0.9461861803602029,0.9431790991690109,0.938267533223397,0.9439551201215766,0.9380642319009279,0.9419335107905035,0.0032285047583613617,1,0.9739649957372074,0.9701007332659803,0.9764759500320868,0.9686988661692804,0.9682680182364923,0.9715017126882094,0.0031964440332955197
0.1997602939605713,0.009945602429639298,0.002307415008544922,0.0005644588334435704,,entropy,26,"{'DT__class_weight': None, 'DT__criterion': 'entropy', 'DT__max_depth': 26}",0.9461861803602029,0.9431790991690109,0.938267533223397,0.9439551201215766,0.9380642319009279,0.9419335107905035,0.0032285047583613617,1,0.9739649957372074,0.9701007332659803,0.9764759500320868,0.9686988661692804,0.9682680182364923,0.9715017126882094,0.0031964440332955197
0.18710131645202638,0.009921523455680672,0.0019499301910400391,0.0005722541310798575,,entropy,27,"{'DT__class_weight': None, 'DT__criterion': 'entropy', 'DT__max_depth': 27}",0.9461861803602029,0.9431790991690109,0.938267533223397,0.9439551201215766,0.9380642319009279,0.9419335107905035,0.0032285047583613617,1,0.9739649957372074,0.9701007332659803,0.9764759500320868,0.9686988661692804,0.9682680182364923,0.9715017126882094,0.0031964440332955197
0.18760604858398439,0.024002581006915553,0.0022397994995117187,0.0006823292913711299,,entropy,28,"{'DT__class_weight': None, 'DT__criterion': 'entropy', 'DT__max_depth': 28}",0.9461861803602029,0.9431790991690109,0.938267533223397,0.9439551201215766,0.9380642319009279,0.9419335107905035,0.0032285047583613617,1,0.9739649957372074,0.9701007332659803,0.9764759500320868,0.9686988661692804,0.9682680182364923,0.9715017126882094,0.0031964440332955197
0.18843722343444824,0.01277090935281619,0.0019951820373535155,0.0008912033496248081,,entropy,29,"{'DT__class_weight': None, 'DT__criterion': 'entropy', 'DT__max_depth': 29}",0.9461861803602029,0.9431790991690109,0.938267533223397,0.9439551201215766,0.9380642319009279,0.9419335107905035,0.0032285047583613617,1,0.9739649957372074,0.9701007332659803,0.9764759500320868,0.9686988661692804,0.9682680182364923,0.9715017126882094,0.0031964440332955197
0.19138026237487793,0.012762542488907047,0.0013814926147460937,0.000489193898799052,,entropy,30,"{'DT__class_weight': None, 'DT__criterion': 'entropy', 'DT__max_depth': 30}",0.9461861803602029,0.9431790991690109,0.938267533223397,0.9439551201215766,0.9380642319009279,0.9419335107905035,0.0032285047583613617,1,0.9739649957372074,0.9701007332659803,0.9764759500320868,0.9686988661692804,0.9682680182364923,0.9715017126882094,0.0031964440332955197
0.18792257308959961,0.014729864849508332,0.0017734050750732421,0.000997774198177632,,entropy,31,"{'DT__class_weight': None, 'DT__criterion': 'entropy', 'DT__max_depth': 31}",0.9461861803602029,0.9431790991690109,0.938267533223397,0.9439551201215766,0.9380642319009279,0.9419335107905035,0.0032285047583613617,1,0.9739649957372074,0.9701007332659803,0.9764759500320868,0.9686988661692804,0.9682680182364923,0.9715017126882094,0.0031964440332955197
0.18928399085998535,0.011879315508417764,0.001426362991333008,0.0004947134523243818,,entropy,32,"{'DT__class_weight': None, 'DT__criterion': 'entropy', 'DT__max_depth': 32}",0.9461861803602029,0.9431790991690109,0.938267533223397,0.9439551201215766,0.9380642319009279,0.9419335107905035,0.0032285047583613617,1,0.9739649957372074,0.9701007332659803,0.9764759500320868,0.9686988661692804,0.9682680182364923,0.9715017126882094,0.0031964440332955197
0.1935962677001953,0.006310210815642791,0.001851654052734375,0.0006064728449677129,,entropy,33,"{'DT__class_weight': None, 'DT__criterion': 'entropy', 'DT__max_depth': 33}",0.9461861803602029,0.9431790991690109,0.938267533223397,0.9439551201215766,0.9380642319009279,0.9419335107905035,0.0032285047583613617,1,0.9739649957372074,0.9701007332659803,0.9764759500320868,0.9686988661692804,0.9682680182364923,0.9715017126882094,0.0031964440332955197
0.2069243907928467,0.024617360187686958,0.0016070842742919923,0.00048582222449220674,,entropy,34,"{'DT__class_weight': None, 'DT__criterion': 'entropy', 'DT__max_depth': 34}",0.9461861803602029,0.9431790991690109,0.938267533223397,0.9439551201215766,0.9380642319009279,0.9419335107905035,0.0032285047583613617,1,0.9739649957372074,0.9701007332659803,0.9764759500320868,0.9686988661692804,0.9682680182364923,0.9715017126882094,0.0031964440332955197
0.19024362564086914,0.006834445114856383,0.001680898666381836,0.00054621760785828,,entropy,35,"{'DT__class_weight': None, 'DT__criterion': 'entropy', 'DT__max_depth': 35}",0.9461861803602029,0.9431790991690109,0.938267533223397,0.9439551201215766,0.9380642319009279,0.9419335107905035,0.0032285047583613617,1,0.9739649957372074,0.9701007332659803,0.9764759500320868,0.9686988661692804,0.9682680182364923,0.9715017126882094,0.0031964440332955197
0.17967600822448732,0.012013540278652922,0.0017235755920410156,0.0007372166078648502,,entropy,36,"{'DT__class_weight': None, 'DT__criterion': 'entropy', 'DT__max_depth': 36}",0.9461861803602029,0.9431790991690109,0.938267533223397,0.9439551201215766,0.9380642319009279,0.9419335107905035,0.0032285047583613617,1,0.9739649957372074,0.9701007332659803,0.9764759500320868,0.9686988661692804,0.9682680182364923,0.9715017126882094,0.0031964440332955197
0.1787670612335205,0.005721933519928801,0.0027471542358398437,0.000789270849197011,,entropy,37,"{'DT__class_weight': None, 'DT__criterion': 'entropy', 'DT__max_depth': 37}",0.9461861803602029,0.9431790991690109,0.938267533223397,0.9439551201215766,0.9380642319009279,0.9419335107905035,0.0032285047583613617,1,0.9739649957372074,0.9701007332659803,0.9764759500320868,0.9686988661692804,0.9682680182364923,0.9715017126882094,0.0031964440332955197
0.20540714263916016,0.012894839222586479,0.0021392822265625,0.00045901590176239274,,entropy,38,"{'DT__class_weight': None, 'DT__criterion': 'entropy', 'DT__max_depth': 38}",0.9461861803602029,0.9431790991690109,0.938267533223397,0.9439551201215766,0.9380642319009279,0.9419335107905035,0.0032285047583613617,1,0.9739649957372074,0.9701007332659803,0.9764759500320868,0.9686988661692804,0.9682680182364923,0.9715017126882094,0.0031964440332955197
0.20624637603759766,0.006689560946132698,0.0021951675415039064,0.0007470419129522348,,entropy,39,"{'DT__class_weight': None, 'DT__criterion': 'entropy', 'DT__max_depth': 39}",0.9461861803602029,0.9431790991690109,0.938267533223397,0.9439551201215766,0.9380642319009279,0.9419335107905035,0.0032285047583613617,1,0.9739649957372074,0.9701007332659803,0.9764759500320868,0.9686988661692804,0.9682680182364923,0.9715017126882094,0.0031964440332955197
0.19357833862304688,0.009017762591122866,0.0023946762084960938,0.0011157814456512173,,entropy,40,"{'DT__class_weight': None, 'DT__criterion': 'entropy', 'DT__max_depth': 40}",0.9461861803602029,0.9431790991690109,0.938267533223397,0.9439551201215766,0.9380642319009279,0.9419335107905035,0.0032285047583613617,1,0.9739649957372074,0.9701007332659803,0.9764759500320868,0.9686988661692804,0.9682680182364923,0.9715017126882094,0.0031964440332955197
0.20620145797729492,0.014210306455504978,0.0014349460601806641,0.000881473844985377,,entropy,41,"{'DT__class_weight': None, 'DT__criterion': 'entropy', 'DT__max_depth': 41}",0.9461861803602029,0.9431790991690109,0.938267533223397,0.9439551201215766,0.9380642319009279,0.9419335107905035,0.0032285047583613617,1,0.9739649957372074,0.9701007332659803,0.9764759500320868,0.9686988661692804,0.9682680182364923,0.9715017126882094,0.0031964440332955197
0.19850373268127441,0.013682208855826631,0.0017292499542236328,0.00046992235411079646,,entropy,42,"{'DT__class_weight': None, 'DT__criterion': 'entropy', 'DT__max_depth': 42}",0.9461861803602029,0.9431790991690109,0.938267533223397,0.9439551201215766,0.9380642319009279,0.9419335107905035,0.0032285047583613617,1,0.9739649957372074,0.9701007332659803,0.9764759500320868,0.9686988661692804,0.9682680182364923,0.9715017126882094,0.0031964440332955197
0.196820068359375,0.014722088753905661,0.0019866466522216798,0.0009024094476908342,,entropy,43,"{'DT__class_weight': None, 'DT__criterion': 'entropy', 'DT__max_depth': 43}",0.9461861803602029,0.9431790991690109,0.938267533223397,0.9439551201215766,0.9380642319009279,0.9419335107905035,0.0032285047583613617,1,0.9739649957372074,0.9701007332659803,0.9764759500320868,0.9686988661692804,0.9682680182364923,0.9715017126882094,0.0031964440332955197
0.2132567882537842,0.007991942103826321,0.002196979522705078,0.00040843187213258014,,entropy,44,"{'DT__class_weight': None, 'DT__criterion': 'entropy', 'DT__max_depth': 44}",0.9461861803602029,0.9431790991690109,0.938267533223397,0.9439551201215766,0.9380642319009279,0.9419335107905035,0.0032285047583613617,1,0.9739649957372074,0.9701007332659803,0.9764759500320868,0.9686988661692804,0.9682680182364923,0.9715017126882094,0.0031964440332955197
0.21187853813171387,0.04003300737495231,0.0015497684478759765,0.00048013773643674237,,entropy,45,"{'DT__class_weight': None, 'DT__criterion': 'entropy', 'DT__max_depth': 45}",0.9461861803602029,0.9431790991690109,0.938267533223397,0.9439551201215766,0.9380642319009279,0.9419335107905035,0.0032285047583613617,1,0.9739649957372074,0.9701007332659803,0.9764759500320868,0.9686988661692804,0.9682680182364923,0.9715017126882094,0.0031964440332955197
0.19538068771362305,0.017688159555976933,0.0021522045135498047,0.0008050308162600237,,entropy,46,"{'DT__class_weight': None, 'DT__criterion': 'entropy', 'DT__max_depth': 46}",0.9461861803602029,0.9431790991690109,0.938267533223397,0.9439551201215766,0.9380642319009279,0.9419335107905035,0.0032285047583613617,1,0.9739649957372074,0.9701007332659803,0.9764759500320868,0.9686988661692804,0.9682680182364923,0.9715017126882094,0.0031964440332955197
0.18948717117309571,0.0087676516172887,0.0023134708404541015,0.0003681432574701804,,entropy,47,"{'DT__class_weight': None, 'DT__criterion': 'entropy', 'DT__max_depth': 47}",0.9461861803602029,0.9431790991690109,0.938267533223397,0.9439551201215766,0.9380642319009279,0.9419335107905035,0.0032285047583613617,1,0.9739649957372074,0.9701007332659803,0.9764759500320868,0.9686988661692804,0.9682680182364923,0.9715017126882094,0.0031964440332955197
0.20627350807189943,0.013932540474088928,0.002180957794189453,0.0009839148048194422,,entropy,48,"{'DT__class_weight': None, 'DT__criterion': 'entropy', 'DT__max_depth': 48}",0.9461861803602029,0.9431790991690109,0.938267533223397,0.9439551201215766,0.9380642319009279,0.9419335107905035,0.0032285047583613617,1,0.9739649957372074,0.9701007332659803,0.9764759500320868,0.9686988661692804,0.9682680182364923,0.9715017126882094,0.0031964440332955197
0.1939009189605713,0.019261315096822117,0.001576852798461914,0.0004936193618314921,,entropy,49,"{'DT__class_weight': None, 'DT__criterion': 'entropy', 'DT__max_depth': 49}",0.9461861803602029,0.9431790991690109,0.938267533223397,0.9439551201215766,0.9380642319009279,0.9419335107905035,0.0032285047583613617,1,0.9739649957372074,0.9701007332659803,0.9764759500320868,0.9686988661692804,0.9682680182364923,0.9715017126882094,0.0031964440332955197
0.18564982414245607,0.01402510873304848,0.0016160964965820312,0.0008257368650795006,,entropy,50,"{'DT__class_weight': None, 'DT__criterion': 'entropy', 'DT__max_depth': 50}",0.9461861803602029,0.9431790991690109,0.938267533223397,0.9439551201215766,0.9380642319009279,0.9419335107905035,0.0032285047583613617,1,0.9739649957372074,0.9701007332659803,0.9764759500320868,0.9686988661692804,0.9682680182364923,0.9715017126882094,0.0031964440332955197
