mean_fit_time,std_fit_time,mean_score_time,std_score_time,param_SVM__C,param_SVM__class_weight,param_SVM__max_iter,param_SVM__tol,params,split0_test_score,split1_test_score,split2_test_score,split3_test_score,split4_test_score,mean_test_score,std_test_score,rank_test_score,split0_train_score,split1_train_score,split2_train_score,split3_train_score,split4_train_score,mean_train_score,std_train_score
0.007780265808105469,0.0031155947674358438,0.0009970664978027344,5.001110306597479e-07,0.001,balanced,-1,1e-08,"{'SVM__C': 0.001, 'SVM__class_weight': 'balanced', 'SVM__max_iter': -1, 'SVM__tol': 1e-08}",0.5,0.5,0.5,0.5,0.5,0.5,0.0,101,0.5,0.4999999999999999,0.5,0.5,0.5,0.5,4.965068306494546e-17
0.006183719635009766,0.00039858856559394376,0.0011968135833740235,0.0003988985058850665,0.001,balanced,-1,0.01000001,"{'SVM__C': 0.001, 'SVM__class_weight': 'balanced', 'SVM__max_iter': -1, 'SVM__tol': 0.01000001}",0.5,0.5,0.5,0.5,0.5,0.5,0.0,101,0.5,0.4999999999999999,0.5,0.5,0.5,0.5,4.965068306494546e-17
0.006587028503417969,0.0004826597205179287,0.0009925365447998047,1.041100528689659e-05,0.001,balanced,-1,0.020000010000000002,"{'SVM__C': 0.001, 'SVM__class_weight': 'balanced', 'SVM__max_iter': -1, 'SVM__tol': 0.020000010000000002}",0.5,0.5,0.5,0.5,0.5,0.5,0.0,101,0.5,0.4999999999999999,0.5,0.5,0.5,0.5,4.965068306494546e-17
0.0057852745056152345,0.0009769995463931836,0.0005984306335449219,0.0004886166205017064,0.001,balanced,-1,0.03000001,"{'SVM__C': 0.001, 'SVM__class_weight': 'balanced', 'SVM__max_iter': -1, 'SVM__tol': 0.03000001}",0.5,0.5,0.5,0.5,0.5,0.5,0.0,101,0.5,0.4999999999999999,0.5,0.5,0.5,0.5,4.965068306494546e-17
0.004986953735351562,4.1019083342755444e-07,0.0007979393005371094,0.00039896994946708963,0.001,balanced,-1,0.04000001,"{'SVM__C': 0.001, 'SVM__class_weight': 'balanced', 'SVM__max_iter': -1, 'SVM__tol': 0.04000001}",0.5,0.5,0.5,0.5,0.5,0.5,0.0,101,0.5,0.4999999999999999,0.5,0.5,0.5,0.5,4.965068306494546e-17
0.00498814582824707,4.1019083342755444e-07,0.0003989696502685547,0.0004886360388238481,0.001,balanced,-1,0.050000010000000004,"{'SVM__C': 0.001, 'SVM__class_weight': 'balanced', 'SVM__max_iter': -1, 'SVM__tol': 0.050000010000000004}",0.5,0.5,0.5,0.5,0.5,0.5,0.0,101,0.5,0.4999999999999999,0.5,0.5,0.5,0.5,4.965068306494546e-17
0.004987287521362305,1.2561740753478519e-06,0.0007977485656738281,0.00039887452510317905,0.001,balanced,-1,0.06000001,"{'SVM__C': 0.001, 'SVM__class_weight': 'balanced', 'SVM__max_iter': -1, 'SVM__tol': 0.06000001}",0.5,0.5,0.5,0.5,0.5,0.5,0.0,101,0.5,0.4999999999999999,0.5,0.5,0.5,0.5,4.965068306494546e-17
0.006583452224731445,0.0007978678088043539,0.001196908950805664,0.0003988506511931897,0.001,balanced,-1,0.07000001,"{'SVM__C': 0.001, 'SVM__class_weight': 'balanced', 'SVM__max_iter': -1, 'SVM__tol': 0.07000001}",0.5,0.5,0.5,0.5,0.5,0.5,0.0,101,0.5,0.4999999999999999,0.5,0.5,0.5,0.5,4.965068306494546e-17
0.006183910369873047,0.0014658437220844622,0.0009977340698242188,7.747686771999321e-07,0.001,balanced,-1,0.08000001,"{'SVM__C': 0.001, 'SVM__class_weight': 'balanced', 'SVM__max_iter': -1, 'SVM__tol': 0.08000001}",0.5,0.5,0.5,0.5,0.5,0.5,0.0,101,0.5,0.4999999999999999,0.5,0.5,0.5,0.5,4.965068306494546e-17
0.004588127136230469,0.0004887139602838393,0.0007979869842529297,0.00039899381623883243,0.001,balanced,-1,0.09000000999999999,"{'SVM__C': 0.001, 'SVM__class_weight': 'balanced', 'SVM__max_iter': -1, 'SVM__tol': 0.09000000999999999}",0.5,0.5,0.5,0.5,0.5,0.5,0.0,101,0.5,0.4999999999999999,0.5,0.5,0.5,0.5,4.965068306494546e-17
0.018948984146118165,0.0025231359893242806,0.0007985115051269531,0.00039925690578675475,0.001,balanced,154,1e-08,"{'SVM__C': 0.001, 'SVM__class_weight': 'balanced', 'SVM__max_iter': 154, 'SVM__tol': 1e-08}",0.9341075916118866,0.9400136502271481,0.9358628910517546,0.9245878214470518,0.9392615203490168,0.934767468124747,0.005530065799606335,100,0.9349314987269779,0.9348506769790378,0.9278951459682798,0.9406993503966835,0.9368344943108424,0.9350422332763643,0.004155598312483361
0.009574365615844727,0.0004886750034333907,0.0005991935729980468,0.0004892407197590418,0.001,balanced,154,0.01000001,"{'SVM__C': 0.001, 'SVM__class_weight': 'balanced', 'SVM__max_iter': 154, 'SVM__tol': 0.01000001}",0.9341075916118866,0.9408110983930175,0.9358628910517546,0.9245878214470518,0.9400602423937452,0.9350866283881311,0.005817480394984413,98,0.9351310198762198,0.9354492404267634,0.9279090005746329,0.9408987919603053,0.9372333774380861,0.9353242860552016,0.004236960470985876
0.009972906112670899,0.001092579890973038,0.0009983062744140625,5.519789172549356e-07,0.001,balanced,154,0.020000010000000002,"{'SVM__C': 0.001, 'SVM__class_weight': 'balanced', 'SVM__max_iter': 154, 'SVM__tol': 0.020000010000000002}",0.9341075916118866,0.9408110983930175,0.9358628910517546,0.9245878214470518,0.9400602423937452,0.9350866283881311,0.005817480394984413,98,0.9351310198762198,0.9354492404267634,0.9279090005746329,0.9408987919603053,0.9372333774380861,0.9353242860552016,0.004236960470985876
0.007778692245483399,0.0007464293700421735,0.0007985115051269531,0.0003992557668008213,0.001,balanced,154,0.03000001,"{'SVM__C': 0.001, 'SVM__class_weight': 'balanced', 'SVM__max_iter': 154, 'SVM__tol': 0.03000001}",0.9372973842753634,0.9392707081766283,0.9358628910517546,0.9245878214470518,0.9392615203490168,0.9352574043594766,0.005485145881705243,91,0.9353305410254616,0.9346927196488548,0.9279090005746327,0.9399566842251277,0.9358372864927332,0.9347452463933619,0.0038841014819991737
0.007978582382202148,4.156969970265077e-07,0.0007986068725585937,0.0003993038064058901,0.001,balanced,154,0.04000001,"{'SVM__C': 0.001, 'SVM__class_weight': 'balanced', 'SVM__max_iter': 154, 'SVM__tol': 0.04000001}",0.9372973842753634,0.9392707081766283,0.9358628910517546,0.9245878214470518,0.9392615203490168,0.9352574043594766,0.005485145881705243,91,0.9353305410254616,0.9346927196488548,0.9279090005746327,0.9399566842251277,0.9358372864927332,0.9347452463933619,0.0038841014819991737
0.007779121398925781,0.00039875514125965955,0.0009984016418457032,4.90933901833868e-07,0.001,balanced,154,0.050000010000000004,"{'SVM__C': 0.001, 'SVM__class_weight': 'balanced', 'SVM__max_iter': 154, 'SVM__tol': 0.050000010000000004}",0.9372973842753634,0.9392707081766283,0.9358628910517546,0.9245878214470518,0.9392615203490168,0.9352574043594766,0.005485145881705243,91,0.9353305410254616,0.9346927196488548,0.9279090005746327,0.9399566842251277,0.9358372864927332,0.9347452463933619,0.0038841014819991737
0.010584783554077149,0.0015979991731065245,0.0011860847473144532,0.00037553426568483303,0.001,balanced,154,0.06000001,"{'SVM__C': 0.001, 'SVM__class_weight': 'balanced', 'SVM__max_iter': 154, 'SVM__tol': 0.06000001}",0.9372973842753634,0.9392707081766283,0.9358628910517546,0.9245878214470518,0.9392615203490168,0.9352574043594766,0.005485145881705243,91,0.9353305410254616,0.9346927196488548,0.9279090005746327,0.9399566842251277,0.9358372864927332,0.9347452463933619,0.0038841014819991737
0.011371040344238281,0.005336225284082375,0.0011957645416259765,0.0003991886235334316,0.001,balanced,154,0.07000001,"{'SVM__C': 0.001, 'SVM__class_weight': 'balanced', 'SVM__max_iter': 154, 'SVM__tol': 0.07000001}",0.9372973842753634,0.9392707081766283,0.9358628910517546,0.9245878214470518,0.9392615203490168,0.9352574043594766,0.005485145881705243,91,0.9353305410254616,0.9346927196488548,0.9279090005746327,0.9399566842251277,0.9358372864927332,0.9347452463933619,0.0038841014819991737
0.008177900314331054,0.0009775933328275577,0.000997781753540039,7.072638022514022e-07,0.001,balanced,154,0.08000001,"{'SVM__C': 0.001, 'SVM__class_weight': 'balanced', 'SVM__max_iter': 154, 'SVM__tol': 0.08000001}",0.9372973842753634,0.9392707081766283,0.9358628910517546,0.9245878214470518,0.9392615203490168,0.9352574043594766,0.005485145881705243,91,0.9353305410254616,0.9346927196488548,0.9279090005746327,0.9399566842251277,0.9358372864927332,0.9347452463933619,0.0038841014819991737
0.008383035659790039,0.0007955451172223587,0.0007981300354003906,0.0007464548841689403,0.001,balanced,154,0.09000000999999999,"{'SVM__C': 0.001, 'SVM__class_weight': 'balanced', 'SVM__max_iter': 154, 'SVM__tol': 0.09000000999999999}",0.9372973842753634,0.9392707081766283,0.9358628910517546,0.9245878214470518,0.9392615203490168,0.9352574043594766,0.005485145881705243,91,0.9353305410254616,0.9346927196488548,0.9279090005746327,0.9399566842251277,0.9358372864927332,0.9347452463933619,0.0038841014819991737
0.004393482208251953,0.0004949985562018676,0.0007979869842529297,0.0003989936167850989,0.251,balanced,-1,1e-08,"{'SVM__C': 0.251, 'SVM__class_weight': 'balanced', 'SVM__max_iter': -1, 'SVM__tol': 1e-08}",0.5,0.5,0.5,0.5,0.5,0.5,0.0,101,0.5,0.4999999999999999,0.5,0.5,0.5,0.5,4.965068306494546e-17
0.004787254333496094,0.0003991368103037843,0.0007982254028320312,0.00039911281535558315,0.251,balanced,-1,0.01000001,"{'SVM__C': 0.251, 'SVM__class_weight': 'balanced', 'SVM__max_iter': -1, 'SVM__tol': 0.01000001}",0.5,0.5,0.5,0.5,0.5,0.5,0.0,101,0.5,0.4999999999999999,0.5,0.5,0.5,0.5,4.965068306494546e-17
0.004189014434814453,0.00039935127656848176,0.0009972572326660157,5.091227651611e-07,0.251,balanced,-1,0.020000010000000002,"{'SVM__C': 0.251, 'SVM__class_weight': 'balanced', 'SVM__max_iter': -1, 'SVM__tol': 0.020000010000000002}",0.5,0.5,0.5,0.5,0.5,0.5,0.0,101,0.5,0.4999999999999999,0.5,0.5,0.5,0.5,4.965068306494546e-17
0.0043887138366699215,0.0004883055010376154,0.0009973526000976562,5.519789172549356e-07,0.251,balanced,-1,0.03000001,"{'SVM__C': 0.251, 'SVM__class_weight': 'balanced', 'SVM__max_iter': -1, 'SVM__tol': 0.03000001}",0.5,0.5,0.5,0.5,0.5,0.5,0.0,101,0.5,0.4999999999999999,0.5,0.5,0.5,0.5,4.965068306494546e-17
0.005186223983764648,0.00039892225153778573,0.0005987167358398437,0.0004888503150452149,0.251,balanced,-1,0.04000001,"{'SVM__C': 0.251, 'SVM__class_weight': 'balanced', 'SVM__max_iter': -1, 'SVM__tol': 0.04000001}",0.5,0.5,0.5,0.5,0.5,0.5,0.0,101,0.5,0.4999999999999999,0.5,0.5,0.5,0.5,4.965068306494546e-17
0.0047876834869384766,0.0007469264217226895,0.0007979393005371094,0.00039897034839812053,0.251,balanced,-1,0.050000010000000004,"{'SVM__C': 0.251, 'SVM__class_weight': 'balanced', 'SVM__max_iter': -1, 'SVM__tol': 0.050000010000000004}",0.5,0.5,0.5,0.5,0.5,0.5,0.0,101,0.5,0.4999999999999999,0.5,0.5,0.5,0.5,4.965068306494546e-17
0.004787445068359375,0.0003989935882917003,0.0009977340698242188,3.1629798797182086e-07,0.251,balanced,-1,0.06000001,"{'SVM__C': 0.251, 'SVM__class_weight': 'balanced', 'SVM__max_iter': -1, 'SVM__tol': 0.06000001}",0.5,0.5,0.5,0.5,0.5,0.5,0.0,101,0.5,0.4999999999999999,0.5,0.5,0.5,0.5,4.965068306494546e-17
0.005186700820922851,0.00039916136774213994,0.0007974624633789063,0.00039873191598041087,0.251,balanced,-1,0.07000001,"{'SVM__C': 0.251, 'SVM__class_weight': 'balanced', 'SVM__max_iter': -1, 'SVM__tol': 0.07000001}",0.5,0.5,0.5,0.5,0.5,0.5,0.0,101,0.5,0.4999999999999999,0.5,0.5,0.5,0.5,4.965068306494546e-17
0.004787015914916992,0.0003987790722033037,0.0009975433349609375,2.132480599880018e-07,0.251,balanced,-1,0.08000001,"{'SVM__C': 0.251, 'SVM__class_weight': 'balanced', 'SVM__max_iter': -1, 'SVM__tol': 0.08000001}",0.5,0.5,0.5,0.5,0.5,0.5,0.0,101,0.5,0.4999999999999999,0.5,0.5,0.5,0.5,4.965068306494546e-17
0.004787921905517578,0.00039875536934309906,0.0007978439331054688,0.0003989220520482712,0.251,balanced,-1,0.09000000999999999,"{'SVM__C': 0.251, 'SVM__class_weight': 'balanced', 'SVM__max_iter': -1, 'SVM__tol': 0.09000000999999999}",0.5,0.5,0.5,0.5,0.5,0.5,0.0,101,0.5,0.4999999999999999,0.5,0.5,0.5,0.5,4.965068306494546e-17
0.05006608963012695,0.005549571123938052,0.0005985260009765625,0.0004886947125541752,0.251,balanced,154,1e-08,"{'SVM__C': 0.251, 'SVM__class_weight': 'balanced', 'SVM__max_iter': 154, 'SVM__tol': 1e-08}",0.9384284828607804,0.9483151685779355,0.9535702690469249,0.9462090966489278,0.9482148028236546,0.9469461718001352,0.00490977069417498,73,0.9496895415341959,0.9468025346668923,0.9449181600252968,0.9473156557850423,0.9497502796107031,0.9476952343244263,0.0018359524277385486
0.022340106964111327,0.0023261356897430717,0.0005985260009765625,0.0004886944566570864,0.251,balanced,154,0.01000001,"{'SVM__C': 0.251, 'SVM__class_weight': 'balanced', 'SVM__max_iter': 154, 'SVM__tol': 0.01000001}",0.937631034694911,0.9490581106284554,0.9535157629315759,0.9469520386994479,0.9482148028236546,0.947072740253059,0.005215503806558537,72,0.9494900203849541,0.9471877223590233,0.9454197412285524,0.9473156557850423,0.950520495823725,0.9479867271162595,0.0018087584911197472
0.014561033248901368,0.0018502958863232575,0.0005987167358398437,0.0004888502685332912,0.251,balanced,154,0.020000010000000002,"{'SVM__C': 0.251, 'SVM__class_weight': 'balanced', 'SVM__max_iter': 154, 'SVM__tol': 0.020000010000000002}",0.9383172660542644,0.9471906837199712,0.9471906837199714,0.9421597064310775,0.9425121885221388,0.9434736624638792,0.003373395847764337,90,0.9470544096842171,0.9430726079170112,0.9380236041002523,0.9473773471413351,0.9424050830715214,0.9435866103828674,0.003435187371577202
0.011768674850463868,0.0011639472510706047,0.0011975288391113282,0.00039818319372971655,0.251,balanced,154,0.03000001,"{'SVM__C': 0.251, 'SVM__class_weight': 'balanced', 'SVM__max_iter': 154, 'SVM__tol': 0.03000001}",0.9491478899568856,0.9479881318858406,0.9517573482537899,0.9412494243979321,0.9455955167126358,0.9471491164053016,0.0035535626431422956,52,0.947845230881249,0.9485345086386064,0.9467942367208416,0.9496191206767358,0.9477349052063804,0.9481056004247627,0.0009380392120927668
0.011374998092651366,0.0004947884728530639,0.0007976531982421875,0.0003988269126795991,0.251,balanced,154,0.04000001,"{'SVM__C': 0.251, 'SVM__class_weight': 'balanced', 'SVM__max_iter': 154, 'SVM__tol': 0.04000001}",0.9491478899568856,0.9479881318858406,0.9517573482537899,0.9412494243979321,0.9455955167126358,0.9471491164053016,0.0035535626431422956,52,0.947845230881249,0.9485345086386064,0.9467942367208416,0.9496191206767358,0.9477349052063804,0.9481056004247627,0.0009380392120927668
0.011369562149047852,0.0004890256846969274,0.0009974002838134765,5.761645304486548e-07,0.251,balanced,154,0.050000010000000004,"{'SVM__C': 0.251, 'SVM__class_weight': 'balanced', 'SVM__max_iter': 154, 'SVM__tol': 0.050000010000000004}",0.9491478899568856,0.9479881318858406,0.9517573482537899,0.9412494243979321,0.9455955167126358,0.9471491164053016,0.0035535626431422956,52,0.947845230881249,0.9485345086386064,0.9467942367208416,0.9496191206767358,0.9477349052063804,0.9481056004247627,0.0009380392120927668
0.010770940780639648,0.00039906508892093793,0.0007980823516845703,0.0003990412150160355,0.251,balanced,154,0.06000001,"{'SVM__C': 0.251, 'SVM__class_weight': 'balanced', 'SVM__max_iter': 154, 'SVM__tol': 0.06000001}",0.9491478899568856,0.9479881318858406,0.9517573482537899,0.9412494243979321,0.9455955167126358,0.9471491164053016,0.0035535626431422956,52,0.947845230881249,0.9485345086386064,0.9467942367208416,0.9496191206767358,0.9477349052063804,0.9481056004247627,0.0009380392120927668
0.010970401763916015,5.091227651611e-07,0.0009975910186767578,4.6231077741778654e-07,0.251,balanced,154,0.07000001,"{'SVM__C': 0.251, 'SVM__class_weight': 'balanced', 'SVM__max_iter': 154, 'SVM__tol': 0.07000001}",0.9491478899568856,0.9479881318858406,0.9517573482537899,0.9412494243979321,0.9455955167126358,0.9471491164053016,0.0035535626431422956,52,0.947845230881249,0.9485345086386064,0.9467942367208416,0.9496191206767358,0.9477349052063804,0.9481056004247627,0.0009380392120927668
0.010970306396484376,2.78041453115716e-07,0.0007982254028320312,0.0003991127014160156,0.251,balanced,154,0.08000001,"{'SVM__C': 0.251, 'SVM__class_weight': 'balanced', 'SVM__max_iter': 154, 'SVM__tol': 0.08000001}",0.9491478899568856,0.9479881318858406,0.9517573482537899,0.9412494243979321,0.9455955167126358,0.9471491164053016,0.0035535626431422956,52,0.947845230881249,0.9485345086386064,0.9467942367208416,0.9496191206767358,0.9477349052063804,0.9481056004247627,0.0009380392120927668
0.008774137496948243,0.0011645278340166596,0.000998067855834961,5.7220458984375e-07,0.251,balanced,154,0.09000000999999999,"{'SVM__C': 0.251, 'SVM__class_weight': 'balanced', 'SVM__max_iter': 154, 'SVM__tol': 0.09000000999999999}",0.9483504417910167,0.9479881318858404,0.9517573482537899,0.9404507023532036,0.9471929608020927,0.9471491256178431,0.003694068078433317,51,0.946648103985798,0.9483349874893646,0.9467942367208416,0.9492202375494921,0.9467376973882708,0.9475470526267534,0.0010440579948189528
0.004588651657104492,0.0004887529093770494,0.0008030414581298828,0.0004016298189533531,0.501,balanced,-1,1e-08,"{'SVM__C': 0.501, 'SVM__class_weight': 'balanced', 'SVM__max_iter': -1, 'SVM__tol': 1e-08}",0.5,0.5,0.5,0.5,0.5,0.5,0.0,101,0.5,0.4999999999999999,0.5,0.5,0.5,0.5,4.965068306494546e-17
0.004587697982788086,0.0004886557169448958,0.00079803466796875,0.00039901753342625314,0.501,balanced,-1,0.01000001,"{'SVM__C': 0.501, 'SVM__class_weight': 'balanced', 'SVM__max_iter': -1, 'SVM__tol': 0.01000001}",0.5,0.5,0.5,0.5,0.5,0.5,0.0,101,0.5,0.4999999999999999,0.5,0.5,0.5,0.5,4.965068306494546e-17
0.004388570785522461,0.0004886167135700321,0.0009974002838134765,2.431401974483864e-07,0.501,balanced,-1,0.020000010000000002,"{'SVM__C': 0.501, 'SVM__class_weight': 'balanced', 'SVM__max_iter': -1, 'SVM__tol': 0.020000010000000002}",0.5,0.5,0.5,0.5,0.5,0.5,0.0,101,0.5,0.4999999999999999,0.5,0.5,0.5,0.5,4.965068306494546e-17
0.004587507247924805,0.0004884026002220136,0.0007979393005371094,0.00039896992097200075,0.501,balanced,-1,0.03000001,"{'SVM__C': 0.501, 'SVM__class_weight': 'balanced', 'SVM__max_iter': -1, 'SVM__tol': 0.03000001}",0.5,0.5,0.5,0.5,0.5,0.5,0.0,101,0.5,0.4999999999999999,0.5,0.5,0.5,0.5,4.965068306494546e-17
0.004587745666503907,0.0004885972525974381,0.0007980823516845703,0.0003990415853858492,0.501,balanced,-1,0.04000001,"{'SVM__C': 0.501, 'SVM__class_weight': 'balanced', 'SVM__max_iter': -1, 'SVM__tol': 0.04000001}",0.5,0.5,0.5,0.5,0.5,0.5,0.0,101,0.5,0.4999999999999999,0.5,0.5,0.5,0.5,4.965068306494546e-17
0.004587984085083008,0.0004888892486244186,0.000798177719116211,0.00039908892721376917,0.501,balanced,-1,0.050000010000000004,"{'SVM__C': 0.501, 'SVM__class_weight': 'balanced', 'SVM__max_iter': -1, 'SVM__tol': 0.050000010000000004}",0.5,0.5,0.5,0.5,0.5,0.5,0.0,101,0.5,0.4999999999999999,0.5,0.5,0.5,0.5,4.965068306494546e-17
0.00458822250366211,0.000488597206061424,0.0007983207702636719,0.0003991607981132729,0.501,balanced,-1,0.06000001,"{'SVM__C': 0.501, 'SVM__class_weight': 'balanced', 'SVM__max_iter': -1, 'SVM__tol': 0.06000001}",0.5,0.5,0.5,0.5,0.5,0.5,0.0,101,0.5,0.4999999999999999,0.5,0.5,0.5,0.5,4.965068306494546e-17
0.004787349700927734,0.0003989465030198367,0.00079803466796875,0.0003990173909677789,0.501,balanced,-1,0.07000001,"{'SVM__C': 0.501, 'SVM__class_weight': 'balanced', 'SVM__max_iter': -1, 'SVM__tol': 0.07000001}",0.5,0.5,0.5,0.5,0.5,0.5,0.0,101,0.5,0.4999999999999999,0.5,0.5,0.5,0.5,4.965068306494546e-17
0.004587793350219726,0.000488636201686934,0.0009978771209716796,3.2340669551493016e-07,0.501,balanced,-1,0.08000001,"{'SVM__C': 0.501, 'SVM__class_weight': 'balanced', 'SVM__max_iter': -1, 'SVM__tol': 0.08000001}",0.5,0.5,0.5,0.5,0.5,0.5,0.0,101,0.5,0.4999999999999999,0.5,0.5,0.5,0.5,4.965068306494546e-17
0.00458822250366211,0.0004886944566570864,0.000997161865234375,1.9073486328124998e-07,0.501,balanced,-1,0.09000000999999999,"{'SVM__C': 0.501, 'SVM__class_weight': 'balanced', 'SVM__max_iter': -1, 'SVM__tol': 0.09000000999999999}",0.5,0.5,0.5,0.5,0.5,0.5,0.0,101,0.5,0.4999999999999999,0.5,0.5,0.5,0.5,4.965068306494546e-17
0.05545134544372558,0.0075323557590319815,0.0007984638214111328,0.00039923203528975524,0.501,balanced,154,1e-08,"{'SVM__C': 0.501, 'SVM__class_weight': 'balanced', 'SVM__max_iter': 154, 'SVM__tol': 1e-08}",0.9400233791925187,0.9483151685779355,0.9528273269964048,0.9470078186936564,0.9474718607731345,0.9471279834133668,0.0041122196281094085,70,0.9503432475283686,0.948213037317938,0.9451592449935974,0.9493376214627265,0.9510020290753657,0.9488110360755992,0.002055168852027095
0.02154698371887207,0.0007938908888951091,0.0009978771209716796,3.2340669551493016e-07,0.501,balanced,154,0.01000001,"{'SVM__C': 0.501, 'SVM__class_weight': 'balanced', 'SVM__max_iter': 154, 'SVM__tol': 0.01000001}",0.9400233791925187,0.9475177204120662,0.9511234184339682,0.9478065407383848,0.949013524868383,0.9470954242271892,0.003758930994892643,71,0.9503294618917569,0.9480135161686961,0.9443805716632847,0.9495232880056154,0.9513595871404109,0.9487212849739528,0.002430341906415521
0.01635565757751465,0.002148884811058009,0.0007980823516845703,0.0003990412150160355,0.501,balanced,154,0.020000010000000002,"{'SVM__C': 0.501, 'SVM__class_weight': 'balanced', 'SVM__max_iter': 154, 'SVM__tol': 0.020000010000000002}",0.9391147142201337,0.9496375343329279,0.9503804763834481,0.9405622623416204,0.9489019648799664,0.9457186779954644,0.004846595582035138,88,0.9474534519827006,0.9473041158701478,0.9448350323871797,0.9459812561959822,0.950183304052774,0.9471514320977569,0.001791189278503439
0.011169862747192384,0.000399017647392996,0.0005984306335449219,0.0004886168997066303,0.501,balanced,154,0.03000001,"{'SVM__C': 0.501, 'SVM__class_weight': 'balanced', 'SVM__max_iter': 154, 'SVM__tol': 0.03000001}",0.9491478899568856,0.9479881318858406,0.9517573482537899,0.9412494243979321,0.9455955167126358,0.9471491164053016,0.0035535626431422956,52,0.9480447520304909,0.9485345086386064,0.9467942367208416,0.9496191206767358,0.9477349052063804,0.9481455046546111,0.0009303264273592417
0.012367057800292968,0.0010173828873552323,0.0005987167358398437,0.000488850198765397,0.501,balanced,154,0.04000001,"{'SVM__C': 0.501, 'SVM__class_weight': 'balanced', 'SVM__max_iter': 154, 'SVM__tol': 0.04000001}",0.9491478899568856,0.9479881318858406,0.9517573482537899,0.9412494243979321,0.9455955167126358,0.9471491164053016,0.0035535626431422956,52,0.9480447520304909,0.9485345086386064,0.9467942367208416,0.9496191206767358,0.9477349052063804,0.9481455046546111,0.0009303264273592417
0.011768484115600586,0.001322973851619902,0.0009979724884033204,4.1019083342755444e-07,0.501,balanced,154,0.050000010000000004,"{'SVM__C': 0.501, 'SVM__class_weight': 'balanced', 'SVM__max_iter': 154, 'SVM__tol': 0.050000010000000004}",0.9491478899568856,0.9479881318858406,0.9517573482537899,0.9412494243979321,0.9455955167126358,0.9471491164053016,0.0035535626431422956,52,0.9480447520304909,0.9485345086386064,0.9467942367208416,0.9496191206767358,0.9477349052063804,0.9481455046546111,0.0009303264273592417
0.011170005798339844,0.0003993034647505855,0.0007984638214111328,0.00039923217767163767,0.501,balanced,154,0.06000001,"{'SVM__C': 0.501, 'SVM__class_weight': 'balanced', 'SVM__max_iter': 154, 'SVM__tol': 0.06000001}",0.9491478899568856,0.9479881318858406,0.9517573482537899,0.9412494243979321,0.9455955167126358,0.9471491164053016,0.0035535626431422956,52,0.9480447520304909,0.9485345086386064,0.9467942367208416,0.9496191206767358,0.9477349052063804,0.9481455046546111,0.0009303264273592417
0.011973047256469726,0.0008980839776367032,0.0009981155395507812,1.4032305688440477e-06,0.501,balanced,154,0.07000001,"{'SVM__C': 0.501, 'SVM__class_weight': 'balanced', 'SVM__max_iter': 154, 'SVM__tol': 0.07000001}",0.9491478899568856,0.9479881318858406,0.9517573482537899,0.9412494243979321,0.9455955167126358,0.9471491164053016,0.0035535626431422956,52,0.9480447520304909,0.9485345086386064,0.9467942367208416,0.9496191206767358,0.9477349052063804,0.9481455046546111,0.0009303264273592417
0.011574554443359374,0.001024601189319752,0.0007925987243652344,0.0003964327491443083,0.501,balanced,154,0.08000001,"{'SVM__C': 0.501, 'SVM__class_weight': 'balanced', 'SVM__max_iter': 154, 'SVM__tol': 0.08000001}",0.9491478899568856,0.9479881318858406,0.9517573482537899,0.9412494243979321,0.9455955167126358,0.9471491164053016,0.0035535626431422956,52,0.9480447520304909,0.9485345086386064,0.9467942367208416,0.9496191206767358,0.9477349052063804,0.9481455046546111,0.0009303264273592417
0.008377265930175782,0.0004886555773535435,0.0009981632232666016,1.9073486328124998e-07,0.501,balanced,154,0.09000000999999999,"{'SVM__C': 0.501, 'SVM__class_weight': 'balanced', 'SVM__max_iter': 154, 'SVM__tol': 0.09000000999999999}",0.9491478899568858,0.9471906837199712,0.9501624519220515,0.9404507023532036,0.9471929608020927,0.9468302199734218,0.003388707180399944,74,0.946648103985798,0.9483349874893646,0.9443999829299395,0.9492202375494921,0.9467376973882708,0.947068201868573,0.0016517330975728255
0.004588413238525391,0.0004886557169448958,0.0007981300354003906,0.0003990658581041477,0.751,balanced,-1,1e-08,"{'SVM__C': 0.751, 'SVM__class_weight': 'balanced', 'SVM__max_iter': -1, 'SVM__tol': 1e-08}",0.5,0.5,0.5,0.5,0.5,0.5,0.0,101,0.5,0.4999999999999999,0.5,0.5,0.5,0.5,4.965068306494546e-17
0.004588413238525391,0.0004887548167421667,0.0009974956512451172,9.097473158044298e-07,0.751,balanced,-1,0.01000001,"{'SVM__C': 0.751, 'SVM__class_weight': 'balanced', 'SVM__max_iter': -1, 'SVM__tol': 0.01000001}",0.5,0.5,0.5,0.5,0.5,0.5,0.0,101,0.5,0.4999999999999999,0.5,0.5,0.5,0.5,4.965068306494546e-17
0.0045890331268310545,0.0004888701287222954,0.0007979869842529297,0.0003989939017189734,0.751,balanced,-1,0.020000010000000002,"{'SVM__C': 0.751, 'SVM__class_weight': 'balanced', 'SVM__max_iter': -1, 'SVM__tol': 0.020000010000000002}",0.5,0.5,0.5,0.5,0.5,0.5,0.0,101,0.5,0.4999999999999999,0.5,0.5,0.5,0.5,4.965068306494546e-17
0.004787969589233399,0.0003987793002730559,0.0005985260009765625,0.0004886945962373333,0.751,balanced,-1,0.03000001,"{'SVM__C': 0.751, 'SVM__class_weight': 'balanced', 'SVM__max_iter': -1, 'SVM__tol': 0.03000001}",0.5,0.5,0.5,0.5,0.5,0.5,0.0,101,0.5,0.4999999999999999,0.5,0.5,0.5,0.5,4.965068306494546e-17
0.004587888717651367,0.0007973910429531443,0.0009983539581298827,7.168434323488669e-07,0.751,balanced,-1,0.04000001,"{'SVM__C': 0.751, 'SVM__class_weight': 'balanced', 'SVM__max_iter': -1, 'SVM__tol': 0.04000001}",0.5,0.5,0.5,0.5,0.5,0.5,0.0,101,0.5,0.4999999999999999,0.5,0.5,0.5,0.5,4.965068306494546e-17
0.004389190673828125,0.0004885971362573946,0.0007979393005371094,0.00039896983548672185,0.751,balanced,-1,0.050000010000000004,"{'SVM__C': 0.751, 'SVM__class_weight': 'balanced', 'SVM__max_iter': -1, 'SVM__tol': 0.050000010000000004}",0.5,0.5,0.5,0.5,0.5,0.5,0.0,101,0.5,0.4999999999999999,0.5,0.5,0.5,0.5,4.965068306494546e-17
0.00458836555480957,0.000488325090042124,0.0009977340698242188,5.519789172549356e-07,0.751,balanced,-1,0.06000001,"{'SVM__C': 0.751, 'SVM__class_weight': 'balanced', 'SVM__max_iter': -1, 'SVM__tol': 0.06000001}",0.5,0.5,0.5,0.5,0.5,0.5,0.0,101,0.5,0.4999999999999999,0.5,0.5,0.5,0.5,4.965068306494546e-17
0.004588508605957031,0.0004887333980000079,0.0007980823516845703,0.00039904138595599225,0.751,balanced,-1,0.07000001,"{'SVM__C': 0.751, 'SVM__class_weight': 'balanced', 'SVM__max_iter': -1, 'SVM__tol': 0.07000001}",0.5,0.5,0.5,0.5,0.5,0.5,0.0,101,0.5,0.4999999999999999,0.5,0.5,0.5,0.5,4.965068306494546e-17
0.004588699340820313,0.0004884997964692403,0.0005982398986816406,0.0004884608551226126,0.751,balanced,-1,0.08000001,"{'SVM__C': 0.751, 'SVM__class_weight': 'balanced', 'SVM__max_iter': -1, 'SVM__tol': 0.08000001}",0.5,0.5,0.5,0.5,0.5,0.5,0.0,101,0.5,0.4999999999999999,0.5,0.5,0.5,0.5,4.965068306494546e-17
0.004787921905517578,0.00039911298626487345,0.0007983207702636719,0.0003991610259649172,0.751,balanced,-1,0.09000000999999999,"{'SVM__C': 0.751, 'SVM__class_weight': 'balanced', 'SVM__max_iter': -1, 'SVM__tol': 0.09000000999999999}",0.5,0.5,0.5,0.5,0.5,0.5,0.0,101,0.5,0.4999999999999999,0.5,0.5,0.5,0.5,4.965068306494546e-17
0.054054880142211915,0.008703826792103289,0.0009980201721191406,6.743495761743046e-07,0.751,balanced,154,1e-08,"{'SVM__C': 0.751, 'SVM__class_weight': 'balanced', 'SVM__max_iter': 154, 'SVM__tol': 1e-08}",0.9400789875957767,0.9515049612414123,0.9520298788305356,0.9478623207325932,0.9475276407673429,0.9477996022378913,0.004274823079631631,10,0.9507560754634641,0.9480550799877547,0.9453587661428392,0.949564613067814,0.9510295791168318,0.9489528227557408,0.0020814470789046295
0.021542167663574217,0.0020534653789841123,0.000997447967529297,4.422005889652111e-07,0.751,balanced,154,0.01000001,"{'SVM__C': 0.751, 'SVM__class_weight': 'balanced', 'SVM__max_iter': 154, 'SVM__tol': 0.01000001}",0.9400789875957767,0.9507075130755431,0.9528273269964048,0.9470078186936564,0.9482705828178628,0.9477773039727807,0.00434160821246215,11,0.9507422898268523,0.9482684557433494,0.9453587661428392,0.9499359461535921,0.9513733621611438,0.9491357640055554,0.0021562002999293097
0.016555356979370116,0.001954378701472535,0.0009975910186767578,1.784161275279017e-07,0.751,balanced,154,0.020000010000000002,"{'SVM__C': 0.751, 'SVM__class_weight': 'balanced', 'SVM__max_iter': 154, 'SVM__tol': 0.020000010000000002}",0.9399121623860027,0.9483151685779355,0.9527183147657066,0.9405622623416204,0.949756466918903,0.9462522358701869,0.005117314672265844,85,0.9476529731319423,0.9490111219149052,0.9450206989300688,0.9455823730687385,0.9510637204316588,0.9476661774954629,0.0022223026606965736
0.012577629089355469,0.0020670168257935916,0.0009917736053466797,1.0863518421858323e-05,0.751,balanced,154,0.03000001,"{'SVM__C': 0.751, 'SVM__class_weight': 'balanced', 'SVM__max_iter': 154, 'SVM__tol': 0.03000001}",0.9491478899568856,0.9479881318858406,0.9517573482537899,0.9412494243979321,0.9455955167126358,0.9471491164053016,0.0035535626431422956,52,0.9480447520304909,0.9483349874893646,0.9465947155715997,0.9496191206767358,0.9477349052063804,0.9480656961949142,0.0009756321798992562
0.011768579483032227,0.0013233836909969873,0.000998210906982422,6.468133910298603e-07,0.751,balanced,154,0.04000001,"{'SVM__C': 0.751, 'SVM__class_weight': 'balanced', 'SVM__max_iter': 154, 'SVM__tol': 0.04000001}",0.9491478899568856,0.9479881318858406,0.9517573482537899,0.9412494243979321,0.9455955167126358,0.9471491164053016,0.0035535626431422956,52,0.9480447520304909,0.9483349874893646,0.9465947155715997,0.9496191206767358,0.9477349052063804,0.9480656961949142,0.0009756321798992562
0.011169958114624023,0.0003989697215063214,0.0007986068725585937,0.00039930380640589014,0.751,balanced,154,0.050000010000000004,"{'SVM__C': 0.751, 'SVM__class_weight': 'balanced', 'SVM__max_iter': 154, 'SVM__tol': 0.050000010000000004}",0.9491478899568856,0.9479881318858406,0.9517573482537899,0.9412494243979321,0.9455955167126358,0.9471491164053016,0.0035535626431422956,52,0.9480447520304909,0.9483349874893646,0.9465947155715997,0.9496191206767358,0.9477349052063804,0.9480656961949142,0.0009756321798992562
0.011170005798339844,0.0003987075430934716,0.0007983684539794922,0.00039918440854837907,0.751,balanced,154,0.06000001,"{'SVM__C': 0.751, 'SVM__class_weight': 'balanced', 'SVM__max_iter': 154, 'SVM__tol': 0.06000001}",0.9491478899568856,0.9479881318858406,0.9517573482537899,0.9412494243979321,0.9455955167126358,0.9471491164053016,0.0035535626431422956,52,0.9480447520304909,0.9483349874893646,0.9465947155715997,0.9496191206767358,0.9477349052063804,0.9480656961949142,0.0009756321798992562
0.011170053482055664,0.0003985646346213722,0.0007983207702636719,0.0003991606841874019,0.751,balanced,154,0.07000001,"{'SVM__C': 0.751, 'SVM__class_weight': 'balanced', 'SVM__max_iter': 154, 'SVM__tol': 0.07000001}",0.9491478899568856,0.9479881318858406,0.9517573482537899,0.9412494243979321,0.9455955167126358,0.9471491164053016,0.0035535626431422956,52,0.9480447520304909,0.9483349874893646,0.9465947155715997,0.9496191206767358,0.9477349052063804,0.9480656961949142,0.0009756321798992562
0.011170196533203124,0.0003992080973257464,0.0007982254028320312,0.00039911278687069433,0.751,balanced,154,0.08000001,"{'SVM__C': 0.751, 'SVM__class_weight': 'balanced', 'SVM__max_iter': 154, 'SVM__tol': 0.08000001}",0.9491478899568856,0.9479881318858406,0.9517573482537899,0.9412494243979321,0.9455955167126358,0.9471491164053016,0.0035535626431422956,52,0.9480447520304909,0.9483349874893646,0.9465947155715997,0.9496191206767358,0.9477349052063804,0.9480656961949142,0.0009756321798992562
0.007778835296630859,0.00039885048017148766,0.000998210906982422,6.641573084442196e-07,0.751,balanced,154,0.09000000999999999,"{'SVM__C': 0.751, 'SVM__class_weight': 'balanced', 'SVM__max_iter': 154, 'SVM__tol': 0.09000000999999999}",0.9491478899568858,0.9471906837199712,0.9501624519220515,0.9404507023532036,0.9471929608020927,0.9468302199734218,0.003388707180399944,74,0.946648103985798,0.9483349874893646,0.9443999829299395,0.9492202375494921,0.9467376973882708,0.947068201868573,0.0016517330975728255
0.004189634323120117,0.0003986848169139373,0.000997304916381836,8.920806376395086e-07,1.001,balanced,-1,1e-08,"{'SVM__C': 1.001, 'SVM__class_weight': 'balanced', 'SVM__max_iter': -1, 'SVM__tol': 1e-08}",0.5,0.5,0.5,0.5,0.5,0.5,0.0,101,0.5,0.4999999999999999,0.5,0.5,0.5,0.5,4.965068306494546e-17
0.004189729690551758,0.00039899350281149214,0.0009981632232666016,9.36836371631074e-07,1.001,balanced,-1,0.01000001,"{'SVM__C': 1.001, 'SVM__class_weight': 'balanced', 'SVM__max_iter': -1, 'SVM__tol': 0.01000001}",0.5,0.5,0.5,0.5,0.5,0.5,0.0,101,0.5,0.4999999999999999,0.5,0.5,0.5,0.5,4.965068306494546e-17
0.004787588119506836,0.0007463912038374805,0.0007982254028320312,0.00039911284384046996,1.001,balanced,-1,0.020000010000000002,"{'SVM__C': 1.001, 'SVM__class_weight': 'balanced', 'SVM__max_iter': -1, 'SVM__tol': 0.020000010000000002}",0.5,0.5,0.5,0.5,0.5,0.5,0.0,101,0.5,0.4999999999999999,0.5,0.5,0.5,0.5,4.965068306494546e-17
0.004987287521362305,4.623107774177865e-07,0.0005984306335449219,0.0004886167833712648,1.001,balanced,-1,0.03000001,"{'SVM__C': 1.001, 'SVM__class_weight': 'balanced', 'SVM__max_iter': -1, 'SVM__tol': 0.03000001}",0.5,0.5,0.5,0.5,0.5,0.5,0.0,101,0.5,0.4999999999999999,0.5,0.5,0.5,0.5,4.965068306494546e-17
0.004788112640380859,0.00039920826819424455,0.0009979248046875,3.2340669551493016e-07,1.001,balanced,-1,0.04000001,"{'SVM__C': 1.001, 'SVM__class_weight': 'balanced', 'SVM__max_iter': -1, 'SVM__tol': 0.04000001}",0.5,0.5,0.5,0.5,0.5,0.5,0.0,101,0.5,0.4999999999999999,0.5,0.5,0.5,0.5,4.965068306494546e-17
0.0047882080078125,0.0003986598308787297,0.0007978439331054688,0.0003989221375437896,1.001,balanced,-1,0.050000010000000004,"{'SVM__C': 1.001, 'SVM__class_weight': 'balanced', 'SVM__max_iter': -1, 'SVM__tol': 0.050000010000000004}",0.5,0.5,0.5,0.5,0.5,0.5,0.0,101,0.5,0.4999999999999999,0.5,0.5,0.5,0.5,4.965068306494546e-17
0.0045888423919677734,0.0004886166205017064,0.0007976055145263672,0.000398802881981438,1.001,balanced,-1,0.06000001,"{'SVM__C': 1.001, 'SVM__class_weight': 'balanced', 'SVM__max_iter': -1, 'SVM__tol': 0.06000001}",0.5,0.5,0.5,0.5,0.5,0.5,0.0,101,0.5,0.4999999999999999,0.5,0.5,0.5,0.5,4.965068306494546e-17
0.004587936401367188,0.0004891425551205273,0.0007983684539794922,0.0003991846363865468,1.001,balanced,-1,0.07000001,"{'SVM__C': 1.001, 'SVM__class_weight': 'balanced', 'SVM__max_iter': -1, 'SVM__tol': 0.07000001}",0.5,0.5,0.5,0.5,0.5,0.5,0.0,101,0.5,0.4999999999999999,0.5,0.5,0.5,0.5,4.965068306494546e-17
0.004788017272949219,0.00039904127199602926,0.00079803466796875,0.00039901753342625314,1.001,balanced,-1,0.08000001,"{'SVM__C': 1.001, 'SVM__class_weight': 'balanced', 'SVM__max_iter': -1, 'SVM__tol': 0.08000001}",0.5,0.5,0.5,0.5,0.5,0.5,0.0,101,0.5,0.4999999999999999,0.5,0.5,0.5,0.5,4.965068306494546e-17
0.004389286041259766,0.0004884223249902497,0.0009976863861083985,5.761645304486548e-07,1.001,balanced,-1,0.09000000999999999,"{'SVM__C': 1.001, 'SVM__class_weight': 'balanced', 'SVM__max_iter': -1, 'SVM__tol': 0.09000000999999999}",0.5,0.5,0.5,0.5,0.5,0.5,0.0,101,0.5,0.4999999999999999,0.5,0.5,0.5,0.5,4.965068306494546e-17
0.0592409610748291,0.013088861271012511,0.0009981155395507812,1.9073486328124998e-07,1.001,balanced,154,1e-08,"{'SVM__C': 1.001, 'SVM__class_weight': 'balanced', 'SVM__max_iter': 154, 'SVM__tol': 1e-08}",0.9408764357616459,0.9515049612414123,0.9512869367800155,0.9471193786820731,0.9467846987168227,0.9475136339275154,0.0038717587917776854,12,0.9511689033985595,0.9486952072545386,0.9451592449935974,0.9497640546314359,0.9506444710103208,0.9490863762576904,0.0021353781718148578
0.022738838195800783,0.0011629738496338404,0.0007983207702636719,0.00039916054178001746,1.001,balanced,154,0.01000001,"{'SVM__C': 1.001, 'SVM__class_weight': 'balanced', 'SVM__max_iter': 154, 'SVM__tol': 0.01000001}",0.9408764357616459,0.9515049612414123,0.9528273269964048,0.9478065407383848,0.9482705828178628,0.9482561011131914,0.00415133631583688,1,0.9509418109760941,0.9490665403403167,0.9453587661428392,0.9493651715041922,0.9513733621611438,0.9492211302249173,0.002123927813267976
0.016954469680786132,0.002274393319421197,0.0007983684539794922,0.0003991843231090327,1.001,balanced,154,0.020000010000000002,"{'SVM__C': 1.001, 'SVM__class_weight': 'balanced', 'SVM__max_iter': 154, 'SVM__tol': 0.020000010000000002}",0.9399121623860027,0.9488400861670587,0.9511234184339682,0.9397635402968921,0.9489577448741747,0.9457189150150394,0.004871018107160841,87,0.9476529731319423,0.9456802374635077,0.9446632204506437,0.9455823730687385,0.9504653957407933,0.9468088399711251,0.002071936712325246
0.01196751594543457,0.0006303740809986747,0.0005987167358398437,0.0004888503848130925,1.001,balanced,154,0.03000001,"{'SVM__C': 1.001, 'SVM__class_weight': 'balanced', 'SVM__max_iter': 154, 'SVM__tol': 0.03000001}",0.9491478899568856,0.9487855800517098,0.9517573482537899,0.9412494243979321,0.9455955167126358,0.9473086305791175,0.0036051680536171773,14,0.9480447520304909,0.9483349874893646,0.9465947155715997,0.9498185622403577,0.9477349052063804,0.9481055845076387,0.0010402641123638437
0.010976028442382813,0.0006306185641209619,0.000998210906982422,1.228723404572022e-06,1.001,balanced,154,0.04000001,"{'SVM__C': 1.001, 'SVM__class_weight': 'balanced', 'SVM__max_iter': 154, 'SVM__tol': 0.04000001}",0.9491478899568856,0.9487855800517098,0.9517573482537899,0.9412494243979321,0.9455955167126358,0.9473086305791175,0.0036051680536171773,14,0.9480447520304909,0.9483349874893646,0.9465947155715997,0.9498185622403577,0.9477349052063804,0.9481055845076387,0.0010402641123638437
0.01116948127746582,0.0003986121471778341,0.0007980823516845703,0.0003990412435060334,1.001,balanced,154,0.050000010000000004,"{'SVM__C': 1.001, 'SVM__class_weight': 'balanced', 'SVM__max_iter': 154, 'SVM__tol': 0.050000010000000004}",0.9491478899568856,0.9487855800517098,0.9517573482537899,0.9412494243979321,0.9455955167126358,0.9473086305791175,0.0036051680536171773,14,0.9480447520304909,0.9483349874893646,0.9465947155715997,0.9498185622403577,0.9477349052063804,0.9481055845076387,0.0010402641123638437
0.010970497131347656,2.8610229492187504e-07,0.0009978771209716796,5.761645304486548e-07,1.001,balanced,154,0.06000001,"{'SVM__C': 1.001, 'SVM__class_weight': 'balanced', 'SVM__max_iter': 154, 'SVM__tol': 0.06000001}",0.9491478899568856,0.9487855800517098,0.9517573482537899,0.9412494243979321,0.9455955167126358,0.9473086305791175,0.0036051680536171773,14,0.9480447520304909,0.9483349874893646,0.9465947155715997,0.9498185622403577,0.9477349052063804,0.9481055845076387,0.0010402641123638437
0.010770940780639648,0.000398945904587374,0.000997638702392578,5.352483825837052e-07,1.001,balanced,154,0.07000001,"{'SVM__C': 1.001, 'SVM__class_weight': 'balanced', 'SVM__max_iter': 154, 'SVM__tol': 0.07000001}",0.9491478899568856,0.9487855800517098,0.9517573482537899,0.9412494243979321,0.9455955167126358,0.9473086305791175,0.0036051680536171773,14,0.9480447520304909,0.9483349874893646,0.9465947155715997,0.9498185622403577,0.9477349052063804,0.9481055845076387,0.0010402641123638437
0.011169862747192384,0.0009773889482092388,0.0007981300354003906,0.00039906506043264244,1.001,balanced,154,0.08000001,"{'SVM__C': 1.001, 'SVM__class_weight': 'balanced', 'SVM__max_iter': 154, 'SVM__tol': 0.08000001}",0.9491478899568856,0.9487855800517098,0.9517573482537899,0.9412494243979321,0.9455955167126358,0.9473086305791175,0.0036051680536171773,14,0.9480447520304909,0.9483349874893646,0.9465947155715997,0.9498185622403577,0.9477349052063804,0.9481055845076387,0.0010402641123638437
0.008177804946899413,0.00039849305560853344,0.0009974002838134765,3.2340669551493016e-07,1.001,balanced,154,0.09000000999999999,"{'SVM__C': 1.001, 'SVM__class_weight': 'balanced', 'SVM__max_iter': 154, 'SVM__tol': 0.09000000999999999}",0.9491478899568858,0.9471906837199712,0.9501624519220515,0.9404507023532036,0.9471929608020927,0.9468302199734218,0.003388707180399944,74,0.946648103985798,0.9481354663401229,0.9443999829299395,0.9492202375494921,0.9467376973882708,0.9470282976387245,0.0016228035638041329
0.0047873973846435545,0.0003987314312744371,0.000797891616821289,0.00039894607556816925,1.251,balanced,-1,1e-08,"{'SVM__C': 1.251, 'SVM__class_weight': 'balanced', 'SVM__max_iter': -1, 'SVM__tol': 1e-08}",0.5,0.5,0.5,0.5,0.5,0.5,0.0,101,0.5,0.4999999999999999,0.5,0.5,0.5,0.5,4.965068306494546e-17
0.005588388442993164,0.0010216582647386598,0.0009945869445800782,6.644311312999861e-06,1.251,balanced,-1,0.01000001,"{'SVM__C': 1.251, 'SVM__class_weight': 'balanced', 'SVM__max_iter': -1, 'SVM__tol': 0.01000001}",0.5,0.5,0.5,0.5,0.5,0.5,0.0,101,0.5,0.4999999999999999,0.5,0.5,0.5,0.5,4.965068306494546e-17
0.005186700820922851,0.00039868470285205266,0.000996875762939453,8.844011779304223e-07,1.251,balanced,-1,0.020000010000000002,"{'SVM__C': 1.251, 'SVM__class_weight': 'balanced', 'SVM__max_iter': -1, 'SVM__tol': 0.020000010000000002}",0.5,0.5,0.5,0.5,0.5,0.5,0.0,101,0.5,0.4999999999999999,0.5,0.5,0.5,0.5,4.965068306494546e-17
0.004388427734375,0.0004883442173158427,0.0009975433349609375,6.397441799640054e-07,1.251,balanced,-1,0.03000001,"{'SVM__C': 1.251, 'SVM__class_weight': 'balanced', 'SVM__max_iter': -1, 'SVM__tol': 0.03000001}",0.5,0.5,0.5,0.5,0.5,0.5,0.0,101,0.5,0.4999999999999999,0.5,0.5,0.5,0.5,4.965068306494546e-17
0.004787635803222656,0.00039873126020159984,0.0005984783172607421,0.000488655786740557,1.251,balanced,-1,0.04000001,"{'SVM__C': 1.251, 'SVM__class_weight': 'balanced', 'SVM__max_iter': -1, 'SVM__tol': 0.04000001}",0.5,0.5,0.5,0.5,0.5,0.5,0.0,101,0.5,0.4999999999999999,0.5,0.5,0.5,0.5,4.965068306494546e-17
0.004588556289672851,0.00048809172166926397,0.0009965896606445312,0.0006299219373735724,1.251,balanced,-1,0.050000010000000004,"{'SVM__C': 1.251, 'SVM__class_weight': 'balanced', 'SVM__max_iter': -1, 'SVM__tol': 0.050000010000000004}",0.5,0.5,0.5,0.5,0.5,0.5,0.0,101,0.5,0.4999999999999999,0.5,0.5,0.5,0.5,4.965068306494546e-17
0.004587888717651367,0.0007975698528549156,0.0009973526000976562,6.975526255763909e-07,1.251,balanced,-1,0.06000001,"{'SVM__C': 1.251, 'SVM__class_weight': 'balanced', 'SVM__max_iter': -1, 'SVM__tol': 0.06000001}",0.5,0.5,0.5,0.5,0.5,0.5,0.0,101,0.5,0.4999999999999999,0.5,0.5,0.5,0.5,4.965068306494546e-17
0.0047873973846435545,0.00039920826819424455,0.0009978294372558593,7.294205923451594e-07,1.251,balanced,-1,0.07000001,"{'SVM__C': 1.251, 'SVM__class_weight': 'balanced', 'SVM__max_iter': -1, 'SVM__tol': 0.07000001}",0.5,0.5,0.5,0.5,0.5,0.5,0.0,101,0.5,0.4999999999999999,0.5,0.5,0.5,0.5,4.965068306494546e-17
0.004388666152954102,0.0004886361551546291,0.0009973526000976562,5.519789172549356e-07,1.251,balanced,-1,0.08000001,"{'SVM__C': 1.251, 'SVM__class_weight': 'balanced', 'SVM__max_iter': -1, 'SVM__tol': 0.08000001}",0.5,0.5,0.5,0.5,0.5,0.5,0.0,101,0.5,0.4999999999999999,0.5,0.5,0.5,0.5,4.965068306494546e-17
0.004787349700927734,0.0003985881948031822,0.000797891616821289,0.00039894593308417833,1.251,balanced,-1,0.09000000999999999,"{'SVM__C': 1.251, 'SVM__class_weight': 'balanced', 'SVM__max_iter': -1, 'SVM__tol': 0.09000000999999999}",0.5,0.5,0.5,0.5,0.5,0.5,0.0,101,0.5,0.4999999999999999,0.5,0.5,0.5,0.5,4.965068306494546e-17
0.06602368354797364,0.013825091470635518,0.000798177719116211,0.00039908898418695077,1.251,balanced,154,1e-08,"{'SVM__C': 1.251, 'SVM__class_weight': 'balanced', 'SVM__max_iter': 154, 'SVM__tol': 1e-08}",0.9408764357616459,0.9515049612414123,0.9512869367800155,0.9471193786820731,0.9467846987168227,0.9475136339275154,0.0038717587917776854,12,0.9513546389111895,0.9486952072545386,0.9449735784507083,0.9497640546314359,0.9510433541375645,0.9491661666770874,0.002300882974026434
0.021941137313842774,0.0014105033067220215,0.0009980201721191406,3.9895058943465975e-07,1.251,balanced,154,0.01000001,"{'SVM__C': 1.251, 'SVM__class_weight': 'balanced', 'SVM__max_iter': 154, 'SVM__tol': 0.01000001}",0.9408764357616459,0.9475177204120662,0.9528273269964048,0.9478065407383848,0.9467846987168227,0.947161536330086,0.003803410635593707,50,0.9513546389111895,0.9478139950194542,0.945558287292081,0.9495646130678143,0.9510433541375645,0.9490669776856209,0.002157219162524349
0.01775221824645996,0.001595592648405438,0.0007990360260009766,0.0003995180805834778,1.251,balanced,154,0.020000010000000002,"{'SVM__C': 1.251, 'SVM__class_weight': 'balanced', 'SVM__max_iter': 154, 'SVM__tol': 0.020000010000000002}",0.9391703226233915,0.9496375343329279,0.9519208665998373,0.9389648182521636,0.9497006869246949,0.9458782893014873,0.005622440939838312,86,0.9478662799177959,0.9458936132191021,0.9450622627491274,0.9455823730687385,0.9506648373044151,0.9470138732518357,0.0020576245773624093
0.010970544815063477,0.0006309018258669967,0.0009982585906982422,3.371747880871523e-07,1.251,balanced,154,0.03000001,"{'SVM__C': 1.251, 'SVM__class_weight': 'balanced', 'SVM__max_iter': 154, 'SVM__tol': 0.03000001}",0.9491478899568856,0.9487855800517098,0.9517573482537899,0.9412494243979321,0.9455955167126358,0.9473086305791175,0.0036051680536171773,14,0.9480447520304909,0.9483349874893646,0.9465947155715997,0.9498185622403577,0.9477349052063804,0.9481055845076387,0.0010402641123638437
0.010970544815063477,0.0006309018078472613,0.0007984161376953125,0.0003992083251503943,1.251,balanced,154,0.04000001,"{'SVM__C': 1.251, 'SVM__class_weight': 'balanced', 'SVM__max_iter': 154, 'SVM__tol': 0.04000001}",0.9491478899568856,0.9487855800517098,0.9517573482537899,0.9412494243979321,0.9455955167126358,0.9473086305791175,0.0036051680536171773,14,0.9480447520304909,0.9483349874893646,0.9465947155715997,0.9498185622403577,0.9477349052063804,0.9481055845076387,0.0010402641123638437
0.010970163345336913,0.0006307511268439436,0.0009981155395507812,4.422005889652111e-07,1.251,balanced,154,0.050000010000000004,"{'SVM__C': 1.251, 'SVM__class_weight': 'balanced', 'SVM__max_iter': 154, 'SVM__tol': 0.050000010000000004}",0.9491478899568856,0.9487855800517098,0.9517573482537899,0.9412494243979321,0.9455955167126358,0.9473086305791175,0.0036051680536171773,14,0.9480447520304909,0.9483349874893646,0.9465947155715997,0.9498185622403577,0.9477349052063804,0.9481055845076387,0.0010402641123638437
0.010770654678344727,0.00039916042785407337,0.0009979724884033204,2.3360154559928684e-07,1.251,balanced,154,0.06000001,"{'SVM__C': 1.251, 'SVM__class_weight': 'balanced', 'SVM__max_iter': 154, 'SVM__tol': 0.06000001}",0.9491478899568856,0.9487855800517098,0.9517573482537899,0.9412494243979321,0.9455955167126358,0.9473086305791175,0.0036051680536171773,14,0.9480447520304909,0.9483349874893646,0.9465947155715997,0.9498185622403577,0.9477349052063804,0.9481055845076387,0.0010402641123638437
0.010970497131347656,2.4314019744838644e-07,0.000998067855834961,4.862803948967729e-07,1.251,balanced,154,0.07000001,"{'SVM__C': 1.251, 'SVM__class_weight': 'balanced', 'SVM__max_iter': 154, 'SVM__tol': 0.07000001}",0.9491478899568856,0.9487855800517098,0.9517573482537899,0.9412494243979321,0.9455955167126358,0.9473086305791175,0.0036051680536171773,14,0.9480447520304909,0.9483349874893646,0.9465947155715997,0.9498185622403577,0.9477349052063804,0.9481055845076387,0.0010402641123638437
0.010970258712768554,1.1680077279964342e-07,0.0009983062744140625,3.1629798797182086e-07,1.251,balanced,154,0.08000001,"{'SVM__C': 1.251, 'SVM__class_weight': 'balanced', 'SVM__max_iter': 154, 'SVM__tol': 0.08000001}",0.9491478899568856,0.9487855800517098,0.9517573482537899,0.9412494243979321,0.9455955167126358,0.9473086305791175,0.0036051680536171773,14,0.9480447520304909,0.9483349874893646,0.9465947155715997,0.9498185622403577,0.9477349052063804,0.9481055845076387,0.0010402641123638437
0.008177757263183594,0.00039887435409171316,0.0007987022399902344,0.00039935119116483596,1.251,balanced,154,0.09000000999999999,"{'SVM__C': 1.251, 'SVM__class_weight': 'balanced', 'SVM__max_iter': 154, 'SVM__tol': 0.09000000999999999}",0.9491478899568858,0.9471906837199712,0.9501624519220515,0.9404507023532036,0.9471929608020927,0.9468302199734218,0.003388707180399944,74,0.946648103985798,0.9481354663401229,0.9443999829299395,0.9492202375494921,0.9467376973882708,0.9470282976387245,0.0016228035638041329
0.004588460922241211,0.00048820819624892505,0.0005985260009765625,0.0004886948753977074,1.501,balanced,-1,1e-08,"{'SVM__C': 1.501, 'SVM__class_weight': 'balanced', 'SVM__max_iter': -1, 'SVM__tol': 1e-08}",0.5,0.5,0.5,0.5,0.5,0.5,0.0,101,0.5,0.4999999999999999,0.5,0.5,0.5,0.5,4.965068306494546e-17
0.004588699340820313,0.0004892784604933174,0.0009975910186767578,9.464947338714221e-07,1.501,balanced,-1,0.01000001,"{'SVM__C': 1.501, 'SVM__class_weight': 'balanced', 'SVM__max_iter': -1, 'SVM__tol': 0.01000001}",0.5,0.5,0.5,0.5,0.5,0.5,0.0,101,0.5,0.4999999999999999,0.5,0.5,0.5,0.5,4.965068306494546e-17
0.004588460922241211,0.0004884025536674527,0.0009969711303710938,1.0936112347774234e-06,1.501,balanced,-1,0.020000010000000002,"{'SVM__C': 1.501, 'SVM__class_weight': 'balanced', 'SVM__max_iter': -1, 'SVM__tol': 0.020000010000000002}",0.5,0.5,0.5,0.5,0.5,0.5,0.0,101,0.5,0.4999999999999999,0.5,0.5,0.5,0.5,4.965068306494546e-17
0.004388427734375,0.0004884414484562663,0.0005984783172607421,0.0004886555308230838,1.501,balanced,-1,0.03000001,"{'SVM__C': 1.501, 'SVM__class_weight': 'balanced', 'SVM__max_iter': -1, 'SVM__tol': 0.03000001}",0.5,0.5,0.5,0.5,0.5,0.5,0.0,101,0.5,0.4999999999999999,0.5,0.5,0.5,0.5,4.965068306494546e-17
0.004587888717651367,0.0004886165972346223,0.0007981300354003906,0.00039906503194434484,1.501,balanced,-1,0.04000001,"{'SVM__C': 1.501, 'SVM__class_weight': 'balanced', 'SVM__max_iter': -1, 'SVM__tol': 0.04000001}",0.5,0.5,0.5,0.5,0.5,0.5,0.0,101,0.5,0.4999999999999999,0.5,0.5,0.5,0.5,4.965068306494546e-17
0.004587841033935547,0.0004886752593406662,0.0009975433349609375,6.217195897295617e-07,1.501,balanced,-1,0.050000010000000004,"{'SVM__C': 1.501, 'SVM__class_weight': 'balanced', 'SVM__max_iter': -1, 'SVM__tol': 0.050000010000000004}",0.5,0.5,0.5,0.5,0.5,0.5,0.0,101,0.5,0.4999999999999999,0.5,0.5,0.5,0.5,4.965068306494546e-17
0.004189014434814453,0.00039923214919526526,0.0009975433349609375,6.217195897295617e-07,1.501,balanced,-1,0.06000001,"{'SVM__C': 1.501, 'SVM__class_weight': 'balanced', 'SVM__max_iter': -1, 'SVM__tol': 0.06000001}",0.5,0.5,0.5,0.5,0.5,0.5,0.0,101,0.5,0.4999999999999999,0.5,0.5,0.5,0.5,4.965068306494546e-17
0.004588031768798828,0.0004885387998700752,0.0009971141815185546,2.78041453115716e-07,1.501,balanced,-1,0.07000001,"{'SVM__C': 1.501, 'SVM__class_weight': 'balanced', 'SVM__max_iter': -1, 'SVM__tol': 0.07000001}",0.5,0.5,0.5,0.5,0.5,0.5,0.0,101,0.5,0.4999999999999999,0.5,0.5,0.5,0.5,4.965068306494546e-17
0.004588270187377929,0.0004886361784207821,0.0009975910186767578,3.1629798797182086e-07,1.501,balanced,-1,0.08000001,"{'SVM__C': 1.501, 'SVM__class_weight': 'balanced', 'SVM__max_iter': -1, 'SVM__tol': 0.08000001}",0.5,0.5,0.5,0.5,0.5,0.5,0.0,101,0.5,0.4999999999999999,0.5,0.5,0.5,0.5,4.965068306494546e-17
0.004987573623657227,0.0006304495882723945,0.0005979537963867188,0.00048822732344506266,1.501,balanced,-1,0.09000000999999999,"{'SVM__C': 1.501, 'SVM__class_weight': 'balanced', 'SVM__max_iter': -1, 'SVM__tol': 0.09000000999999999}",0.5,0.5,0.5,0.5,0.5,0.5,0.0,101,0.5,0.4999999999999999,0.5,0.5,0.5,0.5,4.965068306494546e-17
0.06841702461242676,0.0158146113127661,0.0005987167358398437,0.0004888502220213629,1.501,balanced,154,1e-08,"{'SVM__C': 1.501, 'SVM__class_weight': 'balanced', 'SVM__max_iter': 154, 'SVM__tol': 1e-08}",0.941673883927515,0.9523024094072816,0.9512869367800155,0.9471193786820731,0.9467846987168227,0.947832784978358,0.0037811940642583468,6,0.9509831678859296,0.9486952072545386,0.9449735784507083,0.9497640546314359,0.9510433541375645,0.9490918724720354,0.0022340455156419784
0.02234029769897461,0.0013532813036131804,0.0009978771209716796,2.86102294921875e-07,1.501,balanced,154,0.01000001,"{'SVM__C': 1.501, 'SVM__class_weight': 'balanced', 'SVM__max_iter': 154, 'SVM__tol': 0.01000001}",0.941673883927515,0.9507075130755431,0.9528273269964048,0.9478065407383848,0.9467846987168227,0.9479592299023764,0.0038000068093780137,5,0.9511689033985595,0.9486952072545388,0.9453587661428392,0.9495646130678143,0.9510433541375645,0.9491661688002633,0.0021171513063287066
0.016954374313354493,0.0022744351569552643,0.0007984638214111328,0.0003992319213842127,1.501,balanced,154,0.020000010000000002,"{'SVM__C': 1.501, 'SVM__class_weight': 'balanced', 'SVM__max_iter': 154, 'SVM__tol': 0.020000010000000002}",0.9391703226233915,0.9475177204120662,0.9511234184339682,0.9389648182521636,0.9497006869246949,0.9452947471084191,0.005213595833415113,89,0.9478662799177959,0.9472154315717288,0.9450484081427746,0.9455823730687385,0.9508505038473041,0.9473125993096684,0.0020470963234580984
0.010970401763916015,3.5040231839893024e-07,0.0009979248046875,9.12243197904062e-07,1.501,balanced,154,0.03000001,"{'SVM__C': 1.501, 'SVM__class_weight': 'balanced', 'SVM__max_iter': 154, 'SVM__tol': 0.03000001}",0.9491478899568856,0.9487855800517098,0.9517573482537899,0.9412494243979321,0.9455955167126358,0.9473086305791175,0.0036051680536171773,14,0.9480447520304909,0.9483349874893646,0.9465947155715997,0.9498185622403577,0.9477349052063804,0.9481055845076387,0.0010402641123638437
0.011369276046752929,0.00079796317623195,0.0009979724884033204,8.844011779304222e-07,1.501,balanced,154,0.04000001,"{'SVM__C': 1.501, 'SVM__class_weight': 'balanced', 'SVM__max_iter': 154, 'SVM__tol': 0.04000001}",0.9491478899568856,0.9487855800517098,0.9517573482537899,0.9412494243979321,0.9455955167126358,0.9473086305791175,0.0036051680536171773,14,0.9480447520304909,0.9483349874893646,0.9465947155715997,0.9498185622403577,0.9477349052063804,0.9481055845076387,0.0010402641123638437
0.011169910430908203,0.00039887441109554326,0.0007983207702636719,0.00039916062722445425,1.501,balanced,154,0.050000010000000004,"{'SVM__C': 1.501, 'SVM__class_weight': 'balanced', 'SVM__max_iter': 154, 'SVM__tol': 0.050000010000000004}",0.9491478899568856,0.9487855800517098,0.9517573482537899,0.9412494243979321,0.9455955167126358,0.9473086305791175,0.0036051680536171773,14,0.9480447520304909,0.9483349874893646,0.9465947155715997,0.9498185622403577,0.9477349052063804,0.9481055845076387,0.0010402641123638437
0.010970449447631836,2.431401974483864e-07,0.0009977340698242188,2.78041453115716e-07,1.501,balanced,154,0.06000001,"{'SVM__C': 1.501, 'SVM__class_weight': 'balanced', 'SVM__max_iter': 154, 'SVM__tol': 0.06000001}",0.9491478899568856,0.9487855800517098,0.9517573482537899,0.9412494243979321,0.9455955167126358,0.9473086305791175,0.0036051680536171773,14,0.9480447520304909,0.9483349874893646,0.9465947155715997,0.9498185622403577,0.9477349052063804,0.9481055845076387,0.0010402641123638437
0.011169767379760743,0.0003988266846370742,0.000997781753540039,4.264961199760036e-07,1.501,balanced,154,0.07000001,"{'SVM__C': 1.501, 'SVM__class_weight': 'balanced', 'SVM__max_iter': 154, 'SVM__tol': 0.07000001}",0.9491478899568856,0.9487855800517098,0.9517573482537899,0.9412494243979321,0.9455955167126358,0.9473086305791175,0.0036051680536171773,14,0.9480447520304909,0.9483349874893646,0.9465947155715997,0.9498185622403577,0.9477349052063804,0.9481055845076387,0.0010402641123638437
0.010770750045776368,0.0007467224740906418,0.0009976863861083985,3.2340669551493016e-07,1.501,balanced,154,0.08000001,"{'SVM__C': 1.501, 'SVM__class_weight': 'balanced', 'SVM__max_iter': 154, 'SVM__tol': 0.08000001}",0.9491478899568856,0.9487855800517098,0.9517573482537899,0.9412494243979321,0.9455955167126358,0.9473086305791175,0.0036051680536171773,14,0.9480447520304909,0.9483349874893646,0.9465947155715997,0.9498185622403577,0.9477349052063804,0.9481055845076387,0.0010402641123638437
0.008177709579467774,0.00039842144090860556,0.0005983829498291016,0.0004885776558898482,1.501,balanced,154,0.09000000999999999,"{'SVM__C': 1.501, 'SVM__class_weight': 'balanced', 'SVM__max_iter': 154, 'SVM__tol': 0.09000000999999999}",0.9491478899568858,0.9471906837199712,0.9501624519220515,0.9404507023532036,0.9471929608020927,0.9468302199734218,0.003388707180399944,74,0.946648103985798,0.9481354663401229,0.9443999829299395,0.9492202375494921,0.9467376973882708,0.9470282976387245,0.0016228035638041329
0.005002737045288086,0.0010832969963871317,0.0005983829498291016,0.0004885777024277244,1.751,balanced,-1,1e-08,"{'SVM__C': 1.751, 'SVM__class_weight': 'balanced', 'SVM__max_iter': -1, 'SVM__tol': 1e-08}",0.5,0.5,0.5,0.5,0.5,0.5,0.0,101,0.5,0.4999999999999999,0.5,0.5,0.5,0.5,4.965068306494546e-17
0.004588127136230469,0.0004884219060159621,0.000997638702392578,1.9073486328124998e-07,1.751,balanced,-1,0.01000001,"{'SVM__C': 1.751, 'SVM__class_weight': 'balanced', 'SVM__max_iter': -1, 'SVM__tol': 0.01000001}",0.5,0.5,0.5,0.5,0.5,0.5,0.0,101,0.5,0.4999999999999999,0.5,0.5,0.5,0.5,4.965068306494546e-17
0.004787635803222656,0.00039873126020159984,0.0005986690521240234,0.0004888112574243273,1.751,balanced,-1,0.020000010000000002,"{'SVM__C': 1.751, 'SVM__class_weight': 'balanced', 'SVM__max_iter': -1, 'SVM__tol': 0.020000010000000002}",0.5,0.5,0.5,0.5,0.5,0.5,0.0,101,0.5,0.4999999999999999,0.5,0.5,0.5,0.5,4.965068306494546e-17
0.004587984085083008,0.0004884024605583174,0.0007979869842529297,0.0003989935313048969,1.751,balanced,-1,0.03000001,"{'SVM__C': 1.751, 'SVM__class_weight': 'balanced', 'SVM__max_iter': -1, 'SVM__tol': 0.03000001}",0.5,0.5,0.5,0.5,0.5,0.5,0.0,101,0.5,0.4999999999999999,0.5,0.5,0.5,0.5,4.965068306494546e-17
0.004787731170654297,0.0007465569015000612,0.000797891616821289,0.0003989459615809806,1.751,balanced,-1,0.04000001,"{'SVM__C': 1.751, 'SVM__class_weight': 'balanced', 'SVM__max_iter': -1, 'SVM__tol': 0.04000001}",0.5,0.5,0.5,0.5,0.5,0.5,0.0,101,0.5,0.4999999999999999,0.5,0.5,0.5,0.5,4.965068306494546e-17
0.004992294311523438,1.072555067834509e-05,0.0009974002838134765,3.568322550558034e-07,1.751,balanced,-1,0.050000010000000004,"{'SVM__C': 1.751, 'SVM__class_weight': 'balanced', 'SVM__max_iter': -1, 'SVM__tol': 0.050000010000000004}",0.5,0.5,0.5,0.5,0.5,0.5,0.0,101,0.5,0.4999999999999999,0.5,0.5,0.5,0.5,4.965068306494546e-17
0.004589080810546875,0.0004891057522479861,0.0005975246429443359,0.0004878793679352507,1.751,balanced,-1,0.06000001,"{'SVM__C': 1.751, 'SVM__class_weight': 'balanced', 'SVM__max_iter': -1, 'SVM__tol': 0.06000001}",0.5,0.5,0.5,0.5,0.5,0.5,0.0,101,0.5,0.4999999999999999,0.5,0.5,0.5,0.5,4.965068306494546e-17
0.004587793350219726,0.0004887336073536811,0.0005985260009765625,0.0004886945031838398,1.751,balanced,-1,0.07000001,"{'SVM__C': 1.751, 'SVM__class_weight': 'balanced', 'SVM__max_iter': -1, 'SVM__tol': 0.07000001}",0.5,0.5,0.5,0.5,0.5,0.5,0.0,101,0.5,0.4999999999999999,0.5,0.5,0.5,0.5,4.965068306494546e-17
0.00458822250366211,0.0004884026002220136,0.0007976531982421875,0.00039882685566898014,1.751,balanced,-1,0.08000001,"{'SVM__C': 1.751, 'SVM__class_weight': 'balanced', 'SVM__max_iter': -1, 'SVM__tol': 0.08000001}",0.5,0.5,0.5,0.5,0.5,0.5,0.0,101,0.5,0.4999999999999999,0.5,0.5,0.5,0.5,4.965068306494546e-17
0.00458822250366211,0.0007982135900582735,0.0009973526000976562,8.844011779304223e-07,1.751,balanced,-1,0.09000000999999999,"{'SVM__C': 1.751, 'SVM__class_weight': 'balanced', 'SVM__max_iter': -1, 'SVM__tol': 0.09000000999999999}",0.5,0.5,0.5,0.5,0.5,0.5,0.0,101,0.5,0.4999999999999999,0.5,0.5,0.5,0.5,4.965068306494546e-17
0.05964059829711914,0.016633799145411233,0.0009976863861083985,3.568322550558034e-07,1.751,balanced,154,1e-08,"{'SVM__C': 1.751, 'SVM__class_weight': 'balanced', 'SVM__max_iter': 154, 'SVM__tol': 1e-08}",0.941673883927515,0.9530998575731506,0.9512869367800155,0.9471193786820731,0.9467846987168227,0.947992299152174,0.003978080562453264,3,0.9509831678859296,0.9486952072545386,0.9449735784507083,0.9495783880885469,0.9510433541375645,0.9490547391634575,0.0022240850256437478
0.02333698272705078,0.0024098318564364962,0.0007985591888427735,0.0003992796905177153,1.751,balanced,154,0.01000001,"{'SVM__C': 1.751, 'SVM__class_weight': 'balanced', 'SVM__max_iter': 154, 'SVM__tol': 0.01000001}",0.941673883927515,0.9523024094072816,0.9520298788305356,0.9478065407383848,0.9467846987168227,0.9481187440761923,0.0039052692498046703,2,0.9509831678859296,0.9488947284037804,0.945358766142839,0.9495646130678143,0.9510571291582975,0.9491716809317323,0.0020787408474339164
0.01775188446044922,0.0013228372784577513,0.0007982730865478515,0.0003991366109215068,1.751,balanced,154,0.020000010000000002,"{'SVM__C': 1.751, 'SVM__class_weight': 'balanced', 'SVM__max_iter': 154, 'SVM__tol': 0.020000010000000002}",0.9391703226233915,0.9475177204120662,0.9511234184339682,0.9454103746041994,0.950499408969423,0.9467427110470861,0.004314311249819062,82,0.9478662799177959,0.9472292861780817,0.9450345535364216,0.9462771229047341,0.9508367288265712,0.947448794272721,0.0019443225419665203
0.012765598297119141,0.0015964747570091527,0.0007980823516845703,0.0003990418133055637,1.751,balanced,154,0.03000001,"{'SVM__C': 1.751, 'SVM__class_weight': 'balanced', 'SVM__max_iter': 154, 'SVM__tol': 0.03000001}",0.9491478899568856,0.9487855800517098,0.9517573482537899,0.9412494243979321,0.9455955167126358,0.9473086305791175,0.0036051680536171773,14,0.9480447520304909,0.9483349874893646,0.9465947155715997,0.9498185622403577,0.9477349052063804,0.9481055845076387,0.0010402641123638437
0.011369419097900391,0.0004884608783971154,0.0007982730865478515,0.000399136667887882,1.751,balanced,154,0.04000001,"{'SVM__C': 1.751, 'SVM__class_weight': 'balanced', 'SVM__max_iter': 154, 'SVM__tol': 0.04000001}",0.9491478899568856,0.9487855800517098,0.9517573482537899,0.9412494243979321,0.9455955167126358,0.9473086305791175,0.0036051680536171773,14,0.9480447520304909,0.9483349874893646,0.9465947155715997,0.9498185622403577,0.9477349052063804,0.9481055845076387,0.0010402641123638437
0.010970258712768554,0.0006308265205037086,0.0009975910186767578,1.784161275279017e-07,1.751,balanced,154,0.050000010000000004,"{'SVM__C': 1.751, 'SVM__class_weight': 'balanced', 'SVM__max_iter': 154, 'SVM__tol': 0.050000010000000004}",0.9491478899568856,0.9487855800517098,0.9517573482537899,0.9412494243979321,0.9455955167126358,0.9473086305791175,0.0036051680536171773,14,0.9480447520304909,0.9483349874893646,0.9465947155715997,0.9498185622403577,0.9477349052063804,0.9481055845076387,0.0010402641123638437
0.010970735549926757,6.67572021484375e-07,0.0009973526000976562,6.468133910298604e-07,1.751,balanced,154,0.06000001,"{'SVM__C': 1.751, 'SVM__class_weight': 'balanced', 'SVM__max_iter': 154, 'SVM__tol': 0.06000001}",0.9491478899568856,0.9487855800517098,0.9517573482537899,0.9412494243979321,0.9455955167126358,0.9473086305791175,0.0036051680536171773,14,0.9480447520304909,0.9483349874893646,0.9465947155715997,0.9498185622403577,0.9477349052063804,0.9481055845076387,0.0010402641123638437
0.01228036880493164,0.0017969119385562481,0.0007985115051269531,0.0003992562223955846,1.751,balanced,154,0.07000001,"{'SVM__C': 1.751, 'SVM__class_weight': 'balanced', 'SVM__max_iter': 154, 'SVM__tol': 0.07000001}",0.9491478899568856,0.9487855800517098,0.9517573482537899,0.9412494243979321,0.9455955167126358,0.9473086305791175,0.0036051680536171773,14,0.9480447520304909,0.9483349874893646,0.9465947155715997,0.9498185622403577,0.9477349052063804,0.9481055845076387,0.0010402641123638437
0.011768198013305664,0.0011630883154370086,0.000998067855834961,5.519789172549356e-07,1.751,balanced,154,0.08000001,"{'SVM__C': 1.751, 'SVM__class_weight': 'balanced', 'SVM__max_iter': 154, 'SVM__tol': 0.08000001}",0.9491478899568856,0.9487855800517098,0.9517573482537899,0.9412494243979321,0.9455955167126358,0.9473086305791175,0.0036051680536171773,14,0.9480447520304909,0.9483349874893646,0.9465947155715997,0.9498185622403577,0.9477349052063804,0.9481055845076387,0.0010402641123638437
0.008177757263183594,0.00039887492412964777,0.000797891616821289,0.00039894604707137513,1.751,balanced,154,0.09000000999999999,"{'SVM__C': 1.751, 'SVM__class_weight': 'balanced', 'SVM__max_iter': 154, 'SVM__tol': 0.09000000999999999}",0.9491478899568858,0.9471906837199712,0.9501624519220515,0.9404507023532036,0.9471929608020927,0.9468302199734218,0.003388707180399944,74,0.946648103985798,0.9481354663401229,0.9443999829299395,0.9492202375494921,0.9467376973882708,0.9470282976387245,0.0016228035638041329
0.004389047622680664,0.0004887140068087359,0.0007977008819580079,0.0003988505656823478,2.001,balanced,-1,1e-08,"{'SVM__C': 2.001, 'SVM__class_weight': 'balanced', 'SVM__max_iter': -1, 'SVM__tol': 1e-08}",0.5,0.5,0.5,0.5,0.5,0.5,0.0,101,0.5,0.4999999999999999,0.5,0.5,0.5,0.5,4.965068306494546e-17
0.005385875701904297,0.00048813002636257654,0.0007977485656738281,0.0003988744395974553,2.001,balanced,-1,0.01000001,"{'SVM__C': 2.001, 'SVM__class_weight': 'balanced', 'SVM__max_iter': -1, 'SVM__tol': 0.01000001}",0.5,0.5,0.5,0.5,0.5,0.5,0.0,101,0.5,0.4999999999999999,0.5,0.5,0.5,0.5,4.965068306494546e-17
0.0051914691925048825,0.0003968996300217614,0.000997304916381836,5.001110306597479e-07,2.001,balanced,-1,0.020000010000000002,"{'SVM__C': 2.001, 'SVM__class_weight': 'balanced', 'SVM__max_iter': -1, 'SVM__tol': 0.020000010000000002}",0.5,0.5,0.5,0.5,0.5,0.5,0.0,101,0.5,0.4999999999999999,0.5,0.5,0.5,0.5,4.965068306494546e-17
0.004587888717651367,0.0004887139137589383,0.0009977340698242188,2.78041453115716e-07,2.001,balanced,-1,0.03000001,"{'SVM__C': 2.001, 'SVM__class_weight': 'balanced', 'SVM__max_iter': -1, 'SVM__tol': 0.03000001}",0.5,0.5,0.5,0.5,0.5,0.5,0.0,101,0.5,0.4999999999999999,0.5,0.5,0.5,0.5,4.965068306494546e-17
0.0047876834869384766,0.00039851703652338813,0.0007977485656738281,0.0003988747531183529,2.001,balanced,-1,0.04000001,"{'SVM__C': 2.001, 'SVM__class_weight': 'balanced', 'SVM__max_iter': -1, 'SVM__tol': 0.04000001}",0.5,0.5,0.5,0.5,0.5,0.5,0.0,101,0.5,0.4999999999999999,0.5,0.5,0.5,0.5,4.965068306494546e-17
0.004787731170654297,0.0007461107964849919,0.0009969711303710938,5.761645304486548e-07,2.001,balanced,-1,0.050000010000000004,"{'SVM__C': 2.001, 'SVM__class_weight': 'balanced', 'SVM__max_iter': -1, 'SVM__tol': 0.050000010000000004}",0.5,0.5,0.5,0.5,0.5,0.5,0.0,101,0.5,0.4999999999999999,0.5,0.5,0.5,0.5,4.965068306494546e-17
0.004987049102783203,1.784161275279017e-07,0.0005984783172607421,0.0004886555075578522,2.001,balanced,-1,0.06000001,"{'SVM__C': 2.001, 'SVM__class_weight': 'balanced', 'SVM__max_iter': -1, 'SVM__tol': 0.06000001}",0.5,0.5,0.5,0.5,0.5,0.5,0.0,101,0.5,0.4999999999999999,0.5,0.5,0.5,0.5,4.965068306494546e-17
0.004388284683227539,0.0004882662182222685,0.0007980823516845703,0.0003990418417955188,2.001,balanced,-1,0.07000001,"{'SVM__C': 2.001, 'SVM__class_weight': 'balanced', 'SVM__max_iter': -1, 'SVM__tol': 0.07000001}",0.5,0.5,0.5,0.5,0.5,0.5,0.0,101,0.5,0.4999999999999999,0.5,0.5,0.5,0.5,4.965068306494546e-17
0.004987096786499024,0.0006306003593562545,0.0009974956512451172,3.504023183989303e-07,2.001,balanced,-1,0.08000001,"{'SVM__C': 2.001, 'SVM__class_weight': 'balanced', 'SVM__max_iter': -1, 'SVM__tol': 0.08000001}",0.5,0.5,0.5,0.5,0.5,0.5,0.0,101,0.5,0.4999999999999999,0.5,0.5,0.5,0.5,4.965068306494546e-17
0.00458831787109375,0.0004885776791587868,0.0005983352661132812,0.0004885388464116528,2.001,balanced,-1,0.09000000999999999,"{'SVM__C': 2.001, 'SVM__class_weight': 'balanced', 'SVM__max_iter': -1, 'SVM__tol': 0.09000000999999999}",0.5,0.5,0.5,0.5,0.5,0.5,0.0,101,0.5,0.4999999999999999,0.5,0.5,0.5,0.5,4.965068306494546e-17
0.052459192276000974,0.014948068974630649,0.0009977340698242188,2.3360154559928684e-07,2.001,balanced,154,1e-08,"{'SVM__C': 2.001, 'SVM__class_weight': 'balanced', 'SVM__max_iter': 154, 'SVM__tol': 1e-08}",0.941673883927515,0.9530998575731506,0.9512869367800155,0.9471193786820731,0.9467846987168227,0.947992299152174,0.003978080562453264,3,0.9513546389111895,0.9488808737974276,0.9449735784507083,0.9495783880885469,0.9508576875946756,0.9491290333685096,0.0022571164735683347
0.022140359878540038,0.0011631373631761797,0.0009978771209716796,6.325959759436417e-07,2.001,balanced,154,0.01000001,"{'SVM__C': 2.001, 'SVM__class_weight': 'balanced', 'SVM__max_iter': 154, 'SVM__tol': 0.01000001}",0.941673883927515,0.9507075130755431,0.9520843849458848,0.9478065407383848,0.9467846987168227,0.9478106186289995,0.003616831180575927,8,0.9509831678859296,0.9483238741687607,0.945358766142839,0.9495646130678143,0.9508576875946756,0.9490176217720039,0.002069633952538599
0.01775212287902832,0.001163022870919964,0.0009979248046875,1.1680077279964343e-07,2.001,balanced,154,0.020000010000000002,"{'SVM__C': 2.001, 'SVM__class_weight': 'balanced', 'SVM__max_iter': 154, 'SVM__tol': 0.020000010000000002}",0.9391703226233915,0.9475177204120662,0.9495285221022298,0.9454103746041994,0.950499408969423,0.9464236826994541,0.004028049147774805,84,0.9478662799177959,0.9476283284765652,0.9448350323871797,0.9460776813411123,0.9506372872629494,0.9474089218771204,0.0019532929718200326
0.011170148849487305,0.0003989936452784955,0.0007981300354003906,0.0003990651458975228,2.001,balanced,154,0.03000001,"{'SVM__C': 2.001, 'SVM__class_weight': 'balanced', 'SVM__max_iter': 154, 'SVM__tol': 0.03000001}",0.9491478899568856,0.9487855800517098,0.9517573482537899,0.9412494243979321,0.9455955167126358,0.9473086305791175,0.0036051680536171773,14,0.9480447520304909,0.9485345086386064,0.9465947155715997,0.9498185622403577,0.9477349052063804,0.9481454887374872,0.0010520585118389029
0.011568832397460937,0.000797832034886607,0.0009978294372558593,2.78041453115716e-07,2.001,balanced,154,0.04000001,"{'SVM__C': 2.001, 'SVM__class_weight': 'balanced', 'SVM__max_iter': 154, 'SVM__tol': 0.04000001}",0.9491478899568856,0.9487855800517098,0.9517573482537899,0.9412494243979321,0.9455955167126358,0.9473086305791175,0.0036051680536171773,14,0.9480447520304909,0.9485345086386064,0.9465947155715997,0.9498185622403577,0.9477349052063804,0.9481454887374872,0.0010520585118389029
0.010970687866210938,3.8738433859996607e-07,0.0007985591888427735,0.0003992796620447315,2.001,balanced,154,0.050000010000000004,"{'SVM__C': 2.001, 'SVM__class_weight': 'balanced', 'SVM__max_iter': 154, 'SVM__tol': 0.050000010000000004}",0.9491478899568856,0.9487855800517098,0.9517573482537899,0.9412494243979321,0.9455955167126358,0.9473086305791175,0.0036051680536171773,14,0.9480447520304909,0.9485345086386064,0.9465947155715997,0.9498185622403577,0.9477349052063804,0.9481454887374872,0.0010520585118389029
0.010970354080200195,2.132480599880018e-07,0.000598907470703125,0.0004890061191076993,2.001,balanced,154,0.06000001,"{'SVM__C': 2.001, 'SVM__class_weight': 'balanced', 'SVM__max_iter': 154, 'SVM__tol': 0.06000001}",0.9491478899568856,0.9487855800517098,0.9517573482537899,0.9412494243979321,0.9455955167126358,0.9473086305791175,0.0036051680536171773,14,0.9480447520304909,0.9485345086386064,0.9465947155715997,0.9498185622403577,0.9477349052063804,0.9481454887374872,0.0010520585118389029
0.011170005798339844,0.0003988266846370742,0.000798177719116211,0.00039908909813328957,2.001,balanced,154,0.07000001,"{'SVM__C': 2.001, 'SVM__class_weight': 'balanced', 'SVM__max_iter': 154, 'SVM__tol': 0.07000001}",0.9491478899568856,0.9487855800517098,0.9517573482537899,0.9412494243979321,0.9455955167126358,0.9473086305791175,0.0036051680536171773,14,0.9480447520304909,0.9485345086386064,0.9465947155715997,0.9498185622403577,0.9477349052063804,0.9481454887374872,0.0010520585118389029
0.011169862747192384,0.0003992562223955846,0.0007982254028320312,0.0003991132995983823,2.001,balanced,154,0.08000001,"{'SVM__C': 2.001, 'SVM__class_weight': 'balanced', 'SVM__max_iter': 154, 'SVM__tol': 0.08000001}",0.9491478899568856,0.9487855800517098,0.9517573482537899,0.9412494243979321,0.9455955167126358,0.9473086305791175,0.0036051680536171773,14,0.9480447520304909,0.9485345086386064,0.9465947155715997,0.9498185622403577,0.9477349052063804,0.9481454887374872,0.0010520585118389029
0.00857696533203125,0.0004886944799204637,0.00039925575256347654,0.0004889867201318401,2.001,balanced,154,0.09000000999999999,"{'SVM__C': 2.001, 'SVM__class_weight': 'balanced', 'SVM__max_iter': 154, 'SVM__tol': 0.09000000999999999}",0.9491478899568858,0.9471906837199712,0.9501624519220515,0.9404507023532036,0.9471929608020927,0.9468302199734218,0.003388707180399944,74,0.946648103985798,0.9481354663401229,0.9442004617806977,0.9492202375494921,0.9467376973882708,0.9469883934088763,0.0016880825055194894
0.005390739440917969,0.0010150290645589502,0.0007929801940917969,0.00039662382115346584,2.251,balanced,-1,1e-08,"{'SVM__C': 2.251, 'SVM__class_weight': 'balanced', 'SVM__max_iter': -1, 'SVM__tol': 1e-08}",0.5,0.5,0.5,0.5,0.5,0.5,0.0,101,0.5,0.4999999999999999,0.5,0.5,0.5,0.5,4.965068306494546e-17
0.00578460693359375,0.0009767662358289373,0.0007982730865478515,0.0003991367248542491,2.251,balanced,-1,0.01000001,"{'SVM__C': 2.251, 'SVM__class_weight': 'balanced', 'SVM__max_iter': -1, 'SVM__tol': 0.01000001}",0.5,0.5,0.5,0.5,0.5,0.5,0.0,101,0.5,0.4999999999999999,0.5,0.5,0.5,0.5,4.965068306494546e-17
0.004588413238525391,0.000487974222147208,0.0007977485656738281,0.000398874667612678,2.251,balanced,-1,0.020000010000000002,"{'SVM__C': 2.251, 'SVM__class_weight': 'balanced', 'SVM__max_iter': -1, 'SVM__tol': 0.020000010000000002}",0.5,0.5,0.5,0.5,0.5,0.5,0.0,101,0.5,0.4999999999999999,0.5,0.5,0.5,0.5,4.965068306494546e-17
0.004388427734375,0.0004885387533284933,0.0007981300354003906,0.00039906508892093793,2.251,balanced,-1,0.03000001,"{'SVM__C': 2.251, 'SVM__class_weight': 'balanced', 'SVM__max_iter': -1, 'SVM__tol': 0.03000001}",0.5,0.5,0.5,0.5,0.5,0.5,0.0,101,0.5,0.4999999999999999,0.5,0.5,0.5,0.5,4.965068306494546e-17
0.004787540435791016,0.0003988027964603534,0.0009974002838134765,3.568322550558034e-07,2.251,balanced,-1,0.04000001,"{'SVM__C': 2.251, 'SVM__class_weight': 'balanced', 'SVM__max_iter': -1, 'SVM__tol': 0.04000001}",0.5,0.5,0.5,0.5,0.5,0.5,0.0,101,0.5,0.4999999999999999,0.5,0.5,0.5,0.5,4.965068306494546e-17
0.00438847541809082,0.0004886947358175403,0.000997447967529297,4.90933901833868e-07,2.251,balanced,-1,0.050000010000000004,"{'SVM__C': 2.251, 'SVM__class_weight': 'balanced', 'SVM__max_iter': -1, 'SVM__tol': 0.050000010000000004}",0.5,0.5,0.5,0.5,0.5,0.5,0.0,101,0.5,0.4999999999999999,0.5,0.5,0.5,0.5,4.965068306494546e-17
0.004388666152954102,0.0004884415182825454,0.0009972572326660157,3.814697265625e-07,2.251,balanced,-1,0.06000001,"{'SVM__C': 2.251, 'SVM__class_weight': 'balanced', 'SVM__max_iter': -1, 'SVM__tol': 0.06000001}",0.5,0.5,0.5,0.5,0.5,0.5,0.0,101,0.5,0.4999999999999999,0.5,0.5,0.5,0.5,4.965068306494546e-17
0.004588174819946289,0.0004883636511251108,0.0007975101470947266,0.0003987554263639386,2.251,balanced,-1,0.07000001,"{'SVM__C': 2.251, 'SVM__class_weight': 'balanced', 'SVM__max_iter': -1, 'SVM__tol': 0.07000001}",0.5,0.5,0.5,0.5,0.5,0.5,0.0,101,0.5,0.4999999999999999,0.5,0.5,0.5,0.5,4.965068306494546e-17
0.004587936401367188,0.0004885584586378531,0.0007980823516845703,0.00039904118652603566,2.251,balanced,-1,0.08000001,"{'SVM__C': 2.251, 'SVM__class_weight': 'balanced', 'SVM__max_iter': -1, 'SVM__tol': 0.08000001}",0.5,0.5,0.5,0.5,0.5,0.5,0.0,101,0.5,0.4999999999999999,0.5,0.5,0.5,0.5,4.965068306494546e-17
0.004587602615356445,0.0004887724478868132,0.0005987167358398437,0.0004888503150452149,2.251,balanced,-1,0.09000000999999999,"{'SVM__C': 2.251, 'SVM__class_weight': 'balanced', 'SVM__max_iter': -1, 'SVM__tol': 0.09000000999999999}",0.5,0.5,0.5,0.5,0.5,0.5,0.0,101,0.5,0.4999999999999999,0.5,0.5,0.5,0.5,4.965068306494546e-17
0.05046491622924805,0.012077339968193426,0.0009975910186767578,4.1019083342755444e-07,2.251,balanced,154,1e-08,"{'SVM__C': 2.251, 'SVM__class_weight': 'balanced', 'SVM__max_iter': 154, 'SVM__tol': 1e-08}",0.941673883927515,0.9523024094072816,0.9512869367800155,0.9471193786820731,0.9467846987168227,0.947832784978358,0.0037811940642583468,6,0.9511551177619478,0.9488808737974276,0.9449735784507083,0.9495783880885469,0.9508576875946756,0.9490891291386612,0.00221885601498588
0.0221405029296875,0.0009772331595686169,0.000998067855834961,4.1019083342755444e-07,2.251,balanced,154,0.01000001,"{'SVM__C': 2.251, 'SVM__class_weight': 'balanced', 'SVM__max_iter': 154, 'SVM__tol': 0.01000001}",0.941673883927515,0.9507075130755431,0.9520843849458848,0.9478065407383848,0.9467846987168227,0.9478106186289995,0.003616831180575927,8,0.950955596612706,0.9483238741687607,0.9451730995999501,0.9495646130678143,0.9508576875946756,0.9489749742087813,0.0021304145412489963
0.018151092529296874,0.0011631046564420412,0.0007984161376953125,0.00039920815428192054,2.251,balanced,154,0.020000010000000002,"{'SVM__C': 2.251, 'SVM__class_weight': 'balanced', 'SVM__max_iter': 154, 'SVM__tol': 0.020000010000000002}",0.9384284828607802,0.9475177204120662,0.950325970268099,0.9454103746041994,0.950499408969423,0.9464346919446415,0.00442801096485842,83,0.9470819809574406,0.948027370775049,0.9448350323871797,0.9460776813411123,0.9508367288265712,0.9473717588574706,0.0020312278507348437
0.011169672012329102,0.0007465440579641535,0.0007989883422851562,0.00039949434188871907,2.251,balanced,154,0.03000001,"{'SVM__C': 2.251, 'SVM__class_weight': 'balanced', 'SVM__max_iter': 154, 'SVM__tol': 0.03000001}",0.9491478899568856,0.9487855800517098,0.9517573482537899,0.9412494243979321,0.9455955167126358,0.9473086305791175,0.0036051680536171773,14,0.9480447520304909,0.9485345086386064,0.9465947155715997,0.9498185622403577,0.9477349052063804,0.9481454887374872,0.0010520585118389029
0.012379884719848633,0.0012136938070513585,0.000996875762939453,1.3687801451117825e-06,2.251,balanced,154,0.04000001,"{'SVM__C': 2.251, 'SVM__class_weight': 'balanced', 'SVM__max_iter': 154, 'SVM__tol': 0.04000001}",0.9491478899568856,0.9487855800517098,0.9517573482537899,0.9412494243979321,0.9455955167126358,0.9473086305791175,0.0036051680536171773,14,0.9480447520304909,0.9485345086386064,0.9465947155715997,0.9498185622403577,0.9477349052063804,0.9481454887374872,0.0010520585118389029
0.010770797729492188,0.0003988744680993653,0.0009980201721191406,4.264961199760036e-07,2.251,balanced,154,0.050000010000000004,"{'SVM__C': 2.251, 'SVM__class_weight': 'balanced', 'SVM__max_iter': 154, 'SVM__tol': 0.050000010000000004}",0.9491478899568856,0.9487855800517098,0.9517573482537899,0.9412494243979321,0.9455955167126358,0.9473086305791175,0.0036051680536171773,14,0.9480447520304909,0.9485345086386064,0.9465947155715997,0.9498185622403577,0.9477349052063804,0.9481454887374872,0.0010520585118389029
0.010970211029052735,0.0006309022979838796,0.0009981632232666016,1.1680077279964342e-07,2.251,balanced,154,0.06000001,"{'SVM__C': 2.251, 'SVM__class_weight': 'balanced', 'SVM__max_iter': 154, 'SVM__tol': 0.06000001}",0.9491478899568856,0.9487855800517098,0.9517573482537899,0.9412494243979321,0.9455955167126358,0.9473086305791175,0.0036051680536171773,14,0.9480447520304909,0.9485345086386064,0.9465947155715997,0.9498185622403577,0.9477349052063804,0.9481454887374872,0.0010520585118389029
0.01077117919921875,0.00039882674164771765,0.0009975910186767578,4.6231077741778654e-07,2.251,balanced,154,0.07000001,"{'SVM__C': 2.251, 'SVM__class_weight': 'balanced', 'SVM__max_iter': 154, 'SVM__tol': 0.07000001}",0.9491478899568856,0.9487855800517098,0.9517573482537899,0.9412494243979321,0.9455955167126358,0.9473086305791175,0.0036051680536171773,14,0.9480447520304909,0.9485345086386064,0.9465947155715997,0.9498185622403577,0.9477349052063804,0.9481454887374872,0.0010520585118389029
0.01216731071472168,0.0014663234376802062,0.0007983684539794922,0.00039918443702815717,2.251,balanced,154,0.08000001,"{'SVM__C': 2.251, 'SVM__class_weight': 'balanced', 'SVM__max_iter': 154, 'SVM__tol': 0.08000001}",0.9491478899568856,0.9487855800517098,0.9517573482537899,0.9412494243979321,0.9455955167126358,0.9473086305791175,0.0036051680536171773,14,0.9480447520304909,0.9485345086386064,0.9465947155715997,0.9498185622403577,0.9477349052063804,0.9481454887374872,0.0010520585118389029
0.00817856788635254,0.00039882936412850725,0.000997161865234375,1.1344315770502396e-06,2.251,balanced,154,0.09000000999999999,"{'SVM__C': 2.251, 'SVM__class_weight': 'balanced', 'SVM__max_iter': 154, 'SVM__tol': 0.09000000999999999}",0.9491478899568858,0.9471906837199712,0.9501624519220515,0.9404507023532036,0.9471929608020927,0.9468302199734218,0.003388707180399944,74,0.946648103985798,0.9481354663401229,0.9442004617806977,0.9492202375494921,0.9467376973882708,0.9469883934088763,0.0016880825055194894
